name	analysis
一	一
丁	丁
七	七
万	丆 亅
丈	丈
三	三
上	<卓上> 一
下	下
丌	丌
不	不
与	与
丐	一 <卓上> <亏下>
丑	丑
专	二 <专下>
且	且
丕	不 一
世	世
丘	丘
丙	一 内
业	业
丛	人 人 一
东	<东上> 小
丝	<乡上> <乡上> 一
丞	乛 水 一
丢	千 一 厶
两	两
严	亚 丿
丧	十 <首上> <辰下>
丨	丨
个	人 丨
丫	丷 丨
丬	丬
中	口 丨
丰	丰
串	口 口 丨
临	<临左> <半竹> <横日>
丶	丶
丸	九 丶
丹	<周框> 亠
为	<冬下> 力
主	主
丽	一 冂 冂
举	<应下> 八 <举下>
丿	丿
乃	乃
久	<负上> 丶
乇	丿 七
么	丿 厶
义	丶 乂
之	之
乌	乌
乍	乍
乎	丿 丷 <于下>
乏	丿 之
乐	<卬左> 小
乒	丘 丿
乓	丘 丶
乔	丿 大 <齐下>
乖	千 <北左> 匕
乘	禾 <北左> 匕
乙	乙
乜	亅 乚
九	九
乞	<卧人> 乙
也	也
习	习
乡	<乡上> 丿
书	乛 <韦下> 丶
乩	占 占.1 乚
买	乛 头
乱	舌 乚
乳	爫 子 乚
乾	十 十 乙
了	乛 亅
予	龴 <予下>
争	<负上> <秉中> 亅
事	<于下> 口 <秉中>
二	二
亍	亍
于	于
亏	二 <亏下>
云	云
互	一 彑
亓	二 <齐下>
五	五
井	井
亘	一 日 一
亚	亚
些	止 匕 二
亟	乛 亅 一
亠	亠
亡	亡
亢	亠 几
交	亠 父
亥	亥
亦	亦
产	立 丿
亨	<享上> 乛 亅
亩	亠 田
享	<享上> 子
京	<享上> 小
亭	<亮上> 丁
亮	<亮上> 几
亲	亲
亳	<亮上> 丿 七
亵	衣 执 执.1
人	人
亻	亻
亿	亻 乙
什	亻 十
仁	亻 二
仂	亻 力
仃	亻 丁
仄	厂 人
仅	亻 又
仆	亻 卜
仇	亻 九
仉	亻 几
今	亽 乛
介	人 <齐下>
仍	亻 乃
从	人 人
仑	人 匕
仓	仓
仔	亻 子
仕	亻 士
他	亻 也
仗	亻 丈
付	亻 寸
仙	亻 山
仝	人 工
仞	亻 刀 丶
仟	亻 千
仡	亻 <卧人> 乙
代	代
令	亽 龴
以	以
仨	亻 三
仪	亻 丶 乂
仫	亻 丿 厶
们	亻 门
仰	亻 <卬左> 卩
仲	亻 口 丨
仳	亻 比
仵	亻 午
件	亻 牛
价	亻 人 <齐下>
任	亻 壬
份	亻 分
仿	亻 方
企	人 止
伉	亻 亠 几
伊	亻 <秉中> 丿
伍	亻 五
伎	亻 十 又
伏	亻 大 丶
伐	亻 戈
休	亻 木
众	人 人 人
优	亻 尢 丶
伙	亻 火
会	人 云
伛	亻 匚 乂
伞	人 丷 十
伟	亻 二 <韦下>
传	亻 二 <专下>
伢	亻 一 <牙下>
伤	亻 <卧人> 力
伥	亻 长
伦	亻 人 匕
伧	亻 仓
伪	亻 <冬下> 力
伫	亻 宀 一
伯	亻 白
估	亻 古
伲	亻 尸 匕
伴	亻 半
伶	亻 亽 龴
伸	亻 日 丨
伺	亻 亅 一
似	亻 以
伽	亻 加
佃	亻 田
但	亻 日 一
位	亻 立
低	亻 <卬左> 七
住	亻 主
佐	亻 <有上> 工
佑	亻 <有上> 口
体	亻 木 一
何	亻 可
佗	亻 宀 匕
佘	人 示
余	余
佚	亻 失
佛	亻 弓 <齐下>
作	亻 乍
佝	亻 勹 口
佞	亻 二 女
佟	亻 夂 <冬下>
你	亻 <负上> 小
佣	亻 用
佤	亻 瓦
佥	亼 <应下>
佧	亻 <卓上> 下
佩	亻 <风上> 一
佬	亻 耂 匕
佯	亻 羊
佰	亻 丆 日
佳	亻 圭
佴	亻 耳
佶	亻 吉
佻	亻 <兆左> <兆右>
佼	亻 亠 父
佾	亻 八 冃
使	亻 丈 口
侃	亻 口 <流角>
侄	亻 一 土
侈	亻 夕 夕
侉	亻 大 <亏下>
例	亻 歹 刂
侍	亻 土 寸
侏	亻 朱
侑	亻 <有上> 冃
侔	亻 厶 牛
侗	亻 冂 一
供	亻 龷 八
依	亻 衣
侠	亻 夫 丷
侣	亻 口 口
侥	亻 <尧上> 儿
侦	亻 <卓上> 贝
侧	亻 贝 刂
侨	亻 丿 <齐下>
侩	亻 人 云
侪	亻 文 <齐下>
侬	亻 <巾变> <辰下>
侮	亻 <卧人> 母
侯	亻 <候角> 矢
侵	亻 彐 又
便	亻 丈 日
促	亻 足
俄	亻 手 戈
俅	亻 <求架> 丶
俊	亻 厶 夂
俎	人 人 且
俏	亻 <肖上> 冃
俐	亻 禾 刂
俑	亻 龴 <甬下>
俗	亻 谷
俘	亻 爫 子
俚	亻 里
俜	亻 由 丂
保	亻 口 木
俞	亼 <前下>
俟	亻 厶 矢
信	亻 言
俣	亻 口 大
俦	亻 <丰变> 寸
俨	亻 亚 丿
俩	亻 两
俪	亻 一 冂
俭	亻 亼 <应下>
修	亻 夂 彡
俯	亻 广 寸
俱	亻 <具上> 八
俳	亻 非
俸	亻 <春上> <举下>
俺	亻 大 乚
俾	亻 卑 卑.1
倌	亻 宀 <官下>
倍	亻 立 口
倏	亻 夂 大
倒	亻 一 刂
倔	亻 尸 出
倘	亻 尚
候	亻 <候角> 矢
倚	亻 大 可
倜	亻 <周框> 土
借	亻 龷 日
倡	亻 日 日
倥	亻 穴 工
倦	亻 龹 㔾
倨	亻 尸 古
倩	亻 青
倪	亻 臼 儿
倬	亻 <卓上> 十
倭	亻 禾 女
倮	亻 日 木
债	亻 龶 贝
值	亻 十 <具上>
倾	亻 <比左> 页
偃	亻 匚 日
假	亻 <右框> 又
偈	亻 日 勹
偌	亻 艹 口
偎	亻 田 <畏下>
偏	亻 户 冊
偕	亻 比 白
做	亻 古 攵
停	亻 <亮上> 丁
健	亻 <秉中> 廴
偬	亻 勹 心
偶	亻 甲 冂
偷	亻 亼 <前下>
偻	亻 米 女
偾	亻 十 贝
偿	亻 龸 云
傀	亻 白 <见下>
傅	亻 甫 寸
傈	亻 覀 木
傍	亻 <旁上> 方
傣	亻 <春上> 氺
傥	亻 <赏上> 儿
傧	亻 穴 丘
储	亻 讠 者
傩	亻 又 隹
催	亻 山 隹
傲	亻 敖
傺	亻 <祭上> 示
傻	亻 <囱框> 夂
像	亻 象
僖	亻 吉 口
僚	亻 大 小
僦	亻 尢 丶
僧	亻 丷 日
僬	亻 焦
僭	亻 旡 日
僮	亻 立 里
僳	亻 覀 米
僵	亻 一 一
僻	亻 尸 辛
儆	亻 艹 攵
儇	亻 罒 <衣下>
儋	亻 <负上> 言
儒	亻 <雨头> <而下>
儡	亻 田 田
儿	儿
兀	一 儿
允	厶 儿
元	元
兄	口 儿
充	<充上> 儿
兆	<兆左> <兆右>
先	<告上> 儿
光	<肖上> 一 儿
克	古 儿
免	<负上> 口 <见下>
兑	丷 口 儿
兔	兔
兕	凹 儿
兖	亠 八 儿
党	<赏上> 儿
兜	<卬左> <右框> 儿
兢	古 儿 儿
入	丿 丶
全	全
八	八
公	八 厶
六	亠 八
兮	八 丂
兰	<首上> 二
共	龷 八
关	丷 大
兴	<应下> 八
兵	丘 八
其	其
具	<具上> 八
典	冂 龷 八
兹	<首上> 幺 幺
养	<差上> 丶 <齐下>
兼	<首上> <秉中> <兼末>
兽	丷 田 口
冀	<北左> 匕 八
冁	丷 十 <辰下>
冂	冂
内	内
冈	冂 乂
冉	冂 土
册	册
再	王 冂
冒	<冒上> 目
冕	<冒上> <负上> <见下>
冖	冖
冗	冖 几
写	冖 与
军	冖 车
农	<巾变> <辰下>
冠	冖 元 寸
冢	冖 豕 丶
冤	冖 兔
冥	冖 日 八
冫	冫
冬	夂 <冬下>
冯	冫 马
冰	冫 水
冱	冫 一 彑
冲	冫 口 丨
决	冫 夬
况	冫 口 儿
冶	冫 厶 口
冷	冫 亽 龴
冻	冫 <东上> 小
冼	冫 <告上> 儿
冽	冫 歹 刂
净	冫 <负上> 亅
凄	冫 十 女
准	冫 隹
凇	冫 八 厶
凉	冫 <享上> 小
凋	冫 <周框> 土
凌	冫 土 夂
减	冫 戊 一
凑	冫 <春上> 大
凛	冫 亠 示
凝	冫 龴 <足下>
几	几
凡	几 丶
凤	<风上> 又
凫	<鸟上> 几
凭	亻 壬 几
凯	山 己 几
凰	<风上> 白 王
凳	癶 一 几
凵	凵
凶	乂 凵
凸	凸
凹	凹
出	出
击	<举下> 凵
凼	水 凵
函	乛 氺 凵
凿	业 <首上> 凵
刀	刀
刁	亅 一
刂	刂
刃	刀 丶
分	分
切	七 刀
刈	乂 刂
刊	干 刂
刍	<负上> 彐
刎	勹 <两撇> 刂
刑	一 廾 刂
划	戈 刂
刖	月 刂
列	歹 刂
刘	文 刂
则	贝 刂
刚	冂 乂 刂
创	仓 刂
初	衤 刀
删	册 刂
判	<半变> 刂
刨	包 刂
利	禾 刂
别	另 刂
刭	<经角> 工 刂
刮	舌 刂
到	一 土 刂
刳	大 <亏下> 刂
制	牛 冂 刂
刷	尸 巾 刂
券	龹 刀
刹	乂 朩 刂
刺	木 冂 刂
刻	亥 刂
刽	人 云 刂
刿	山 夕 刂
剀	山 己 刂
剁	几 木 刂
剂	文 <齐下> 刂
剃	丷 丿 刂
削	<肖上> 冃 刂
剌	木 口 刂
前	<首上> <前下>
剐	口 内 刂
剑	亼 <应下> 刂
剔	日 <两撇> 刂
剖	立 口 刂
剜	宀 夕 刂
剞	大 可 刂
剡	火 火 刂
剥	<录上> 水 刂
剧	尸 古 刂
剩	禾 <北左> 刂
剪	<首上> <前下> 刀
副	畐 刂
割	宀 口 刂
剽	覀 示 刂
剿	巛 木 刂
劁	焦 刂
劂	厂 丷 刂
劈	尸 辛 刀
劐	艹 又 刂
劓	丿 丌 刂
力	力
劝	又 力
办	力 八
功	工 力
加	加
务	夂 力
劢	丆 亅 力
劣	少 力
动	云 力
助	且 力
努	女 又 力
劫	土 厶 力
劬	勹 口 力
劭	召 力
励	厂 丆 力
劲	<经角> 工 力
劳	<营上> 力
劾	亥 力
势	执 执.1 力
勃	十 子 力
勇	龴 <甬下> 力
勉	<负上> <见下> 力
勋	口 贝 力
勐	子 皿 力
勒	革 力
勖	<冒上> 目 力
勘	其 乚 力
募	莫 力
勤	廿 龶 力
勰	力 力 心
勹	勹
勺	勹 丶
勾	勹 厶
勿	勹 <两撇>
匀	勹 冫
包	包
匆	勹 <两撇> 丶
匈	勹 乂 凵
匍	勹 甫
匏	大 <亏下> 包
匐	勹 畐
匕	匕
化	亻 <化右>
北	<北左> 匕
匙	日 <足下> 匕
匚	匚
匝	匚 巾
匠	匚 斤
匡	匚 王
匣	匚 甲
匦	匚 <车旁> 九
匪	匚 非
匮	匚 贵
匹	匚 儿
区	匚 乂
医	匚 矢
匾	匚 户 冊
匿	匚 艹 <有上>
十	十
千	千
卅	卅
升	丿 廾
午	午
卉	十 廾
半	半
华	亻 <化右> 十
协	十 力 八
卑	卑 卑.1
卒	亠 人 十
卓	<卓上> 日 十
单	丷 日 十
卖	十 乛 头
南	<南上> <首上> 十
博	十 甫 寸
卜	卜
卞	亠 卜
卟	口 卜
占	占 占.1
卡	<卓上> 下
卢	<卓上> 尸
卣	<卓上> 囗 <右框>
卤	<卓上> 囗 乂
卦	圭 卜
卧	匚 丨 卜
卩	卩
卫	<节下> 一
卮	<后上> 㔾
卯	<卯左> 卩
印	<印左> 卩
危	<负上> 厂 㔾
即	<即左> 卩
却	土 厶 卩
卵	<卯左> <冬下> 卩
卷	龹 㔾
卸	<卧人> 止 卩
卺	乛 水 㔾
卿	<卯左> <即左> 卩
厂	厂
厄	厂 㔾
厅	厂 丁
历	厂 力
厉	厂 丆 亅
压	厂 土 丶
厌	厂 大 丶
厍	厂 车
厕	厂 贝 刂
厘	厂 里
厚	厂 日 子
厝	厂 龷 日
原	厂 白 小
厢	厂 木 目
厣	厂 大 甲
厥	厂 丷 欠
厦	厂 丆 夂
厨	厂 一 寸
厩	厂 <即左> 旡
厮	厂 其 斤
厶	厶
去	土 厶
县	且 厶
叁	厶 大 三
参	厶 大 彡
又	又
叉	又 丶
及	及
友	<有上> 又
双	又 又
反	反 反.1
发	发
叔	<卓上> 小 又
取	耳 又
受	受
变	<变上> 又
叙	余 又
叛	<半变> 反 反.1
叟	叟
叠	又 又 且
口	口
古	古
句	勹 口
另	另
叨	口 刀
叩	口 卩
只	口 八
叫	口 丩
召	召
叭	口 八
叮	口 丁
可	可
台	厶 口
叱	口 <化右>
史	口 乂
右	<有上> 口
叵	匚 口
叶	口 十
号	口 丂
司	亅 一 口
叹	口 又
叻	口 力
叼	口 亅 一
叽	口 几
吁	口 于
吃	口 <卧人> 乙
各	各
吆	口 幺
合	亼 口
吉	吉
吊	口 巾
同	冂 一 口
名	夕 口
后	<后上> 口
吏	丈 口
吐	口 土
向	<向框> 口
吒	口 丿 七
吓	口 下
吕	口 口
吖	口 丷 丨
吗	口 马
君	<秉中> 丿 口
吝	文 口
吞	一 大 口
吟	口 亽 乛
吠	口 大 丶
吡	口 比
吣	口 心
否	不 口
吧	口 巴
吨	口 七 凵
吩	口 分
含	亽 乛 口
听	口 斤
吭	口 亠 几
吮	口 厶 儿
启	户 口
吱	口 十 又
吲	口 弓 丨
吴	口 一 大
吵	口 少
吸	口 及
吹	口 欠
吻	口 勹 <两撇>
吼	口 子 乚
吾	五 口
呀	口 一 <牙下>
呃	口 厂 㔾
呆	口 木
呈	口 王
告	告
呋	口 夫
呐	口 内
呒	口 <干变> 乚
呓	口 艹 乙
呔	口 大 丶
呕	口 匚 乂
呖	口 厂 力
呗	口 贝
员	口 贝
呙	口 内
呛	口 仓
呜	口 乌
呢	口 尸 匕
呤	口 亽 龴
呦	口 幺 力
周	<周框> 土 口
呱	口 瓜
呲	口 止 匕
味	口 未
呵	口 可
呶	口 女 又
呷	口 甲
呸	口 不 一
呻	口 日 丨
呼	口 丿 <于下>
命	亼 口 卩
咀	口 且
咂	口 匚 巾
咄	口 出
咆	口 包
咋	口 乍
和	禾 口
咎	夂 卜 口
咏	口 丶 <永下>
咐	口 亻 寸
咒	口 口 几
咔	口 <卓上> 下
咕	口 古
咖	口 加
咙	口 龙
咚	口 夂 <冬下>
咛	口 宁
咝	口 <乡上> 一
咣	口 <肖上> 儿
咤	口 宀 七
咦	口 大 弓
咧	口 歹 刂
咨	冫 欠 口
咩	口 羊
咪	口 米
咫	尺 口 八
咬	口 亠 父
咭	口 吉
咯	口 各
咱	口 丿 目
咳	口 亥
咴	口 <有上> 火
咸	戊 一 口
咻	口 亻 木
咽	口 囗 大
咿	口 <秉中> 丿
哀	衣 口
品	口 口 口
哂	口 西
哄	口 龷 八
哆	口 夕 夕
哇	口 圭
哈	口 亼 口
哉	十 戈 口
哌	口 <反框> <辰下>
响	口 <向框> 口
哎	口 艹 乂
哏	口 艮
哐	口 匚 王
哑	口 亚
哒	口 大 辶
哓	口 <尧上> 儿
哔	口 比 十
哕	口 山 夕
哗	口 <化右> 十
哙	口 人 云
哚	口 几 木
哜	口 文 <齐下>
哝	口 <巾变> <辰下>
哞	口 厶 牛
哟	口 纟 勹
哥	可 可
哦	口 手 戈
哧	口 土 <赤下>
哨	口 <肖上> 冃
哩	口 里
哪	口 <那左> 阝
哭	口 口 大
哮	口 耂 子
哲	扌 斤 口
哳	口 扌 斤
哺	口 甫
哼	口 <享上> 亅
哽	口 丈 日
哿	加 可
唁	口 言
唆	口 厶 夂
唇	厂 <辰内> 口
唉	口 厶 矢
唏	口 乂 巾
唐	广 <秉中> 口
唑	口 人 土
唔	口 五 口
唛	口 龶 夂
唠	口 <营上> 力
唢	口 <肖上> 贝
唣	口 白 七
唤	口 <负上> 大
唧	口 <即左> 卩
唪	口 <春上> <举下>
唬	口 虍 几
售	隹 口
唯	口 隹
唰	口 尸 刂
唱	口 日 日
唳	口 户 大
唷	口 <充上> 冃
唼	口 立 女
唾	口 千 <垂下>
唿	口 勹 心
啁	口 <周框> 土
啃	口 止 冃
啄	口 豕 丶
商	商
啉	口 林
啊	口 阝 可
啐	口 亠 十
啕	口 勹 缶
啖	口 火 火
啜	口 又 又
啡	口 非
啤	口 卑 卑.1
啥	口 亼 古
啦	口 扌 立
啧	口 龶 贝
啪	口 扌 白
啬	十 <首上> 囗
啭	口 二 <专下>
啮	口 止 凵
啵	口 氵 皮
啶	口 宀 <足下>
啷	口 丶 阝
啸	口 <秉中> <肃下>
啻	<旁上> 巾 口
啼	口 <旁上> 巾
啾	口 禾 火
喀	口 宀 各
喁	口 甲 冂
喂	口 田 <畏下>
喃	口 <南上> <首上>
善	羊 <首上> 口
喇	口 木 刂
喈	口 比 白
喉	口 <候角> 矢
喊	口 戊 一
喋	口 世 木
喏	口 艹 口
喑	口 立 日
喔	口 尸 土
喘	口 山 <而下>
喙	口 彑 <豕下>
喜	吉 <首上> 口
喝	口 日 勹
喟	口 田 冃
喧	口 宀 一
喱	口 厂 里
喳	口 木 一
喵	口 艹 田
喷	口 十 贝
喹	口 大 圭
喻	口 亼 <前下>
喽	口 米 女
喾	<学上> 告
嗄	口 丆 夂
嗅	口 丿 大
嗉	口 龶 小
嗌	口 <首上> 皿
嗍	口 丷 月
嗑	口 土 皿
嗒	口 艹 口
嗓	口 又 木
嗔	口 十 八
嗖	口 叟
嗜	口 耂 日
嗝	口 一 冂
嗟	口 <差上> 工
嗡	口 八 羽
嗣	口 冊 亅
嗤	口 屮 虫
嗥	口 白 十
嗦	口 十 小
嗨	口 <卧人> 母
嗪	口 <春上> 禾
嗫	口 耳 又
嗬	口 艹 可
嗯	口 囗 心
嗲	口 父 夕
嗳	口 爱 爱.1
嗵	口 龴 辶
嗷	口 敖
嗽	口 木 欠
嗾	口 <旗角> 矢
嘀	口 啇
嘁	口 戊 <卓上>
嘈	口 <曹上> 日
嘉	吉 <首上> 加
嘌	口 覀 示
嘎	口 丆 戈
嘏	古 <右框> 又
嘘	口 虍 业
嘛	口 广 林
嘞	口 革 力
嘟	口 者 阝
嘣	口 山 月
嘤	口 贝 女
嘧	口 宀 山
嘬	口 日 又
嘭	口 吉 彡
嘱	口 尸 冂
嘲	口 十 月
嘴	口 匕 用
嘶	口 其 斤
嘹	口 大 小
嘻	口 吉 口
嘿	口 黑
噌	口 丷 日
噍	口 焦
噎	口 士 <首上>
噔	口 癶 <首上>
噗	口 业 丶
噘	口 厂 欠
噙	口 人 冂
噜	口 鱼 日
噢	口 <向框> 大
噤	口 林 示
器	口 口 口
噩	王 口 口
噪	口 口 木
噫	口 立 心
噬	口 <竹头> 工
噱	口 虍 豕
噶	口 艹 勹
噻	口 宀 土
噼	口 尸 辛
嚅	口 <雨头> <而下>
嚆	口 艹 高
嚎	口 <亮上> 豕
嚏	口 十 <足下>
嚓	口 宀 示
嚣	口 口 口
嚯	口 <雨头> 隹
嚷	口 衣 口
嚼	口 爫 寸
囊	十 口 <衣下>
囔	口 十 <衣下>
囗	囗
囚	囗 人
四	囗 儿
囝	囗 子
回	囗 口
囟	<囱框> 乂
因	囗 大
囡	囗 女
团	囗 才
囤	囗 七 凵
囫	囗 勹 <两撇>
园	囗 元
困	囗 木
囱	<囱框> 夂
围	囗 二 <韦下>
囵	囗 人 匕
囹	囗 亽 龴
固	囗 古
国	囗 王 丶
图	囗 夂 <冬下>
囿	囗 <有上> 冃
圃	囗 甫
圄	囗 五 口
圆	囗 口 贝
圈	囗 龹 㔾
圉	囗 土 <首上>
圊	囗 青
圜	囗 罒 一
土	土
圣	又 土
在	<在角> 土
圩	土 于
圪	土 <卧人> 乙
圬	土 二 <亏下>
圭	圭
圮	土 己
圯	土 巳
地	土 也
圳	土 川
圹	土 广
场	土 <乃上> <两撇>
圻	土 斤
圾	土 及
址	土 止
坂	土 反 反.1
均	土 勹 冫
坊	土 方
坌	分 土
坍	土 <周框> 亠
坎	土 欠
坏	土 不
坐	人 人 土
坑	土 亠 几
块	土 夬
坚	<临左> 又 土
坛	土 云
坜	土 厂 力
坝	土 贝
坞	土 乌
坟	土 文
坠	阝 人 土
坡	土 皮
坤	土 日 丨
坦	土 日 一
坨	土 宀 匕
坩	土 廿 一
坪	土 干 丷
坫	土 占 占.1
坭	土 尸 匕
坯	土 不 一
坳	土 幺 力
坶	土 母
坷	土 可
坻	土 <卬左> 七
坼	土 斤 丶
垂	千 <垂下>
垃	土 立
垄	龙 土
垅	土 龙
垆	土 <卓上> 尸
型	一 刂 土
垌	土 冂 一
垒	厶 厶 土
垓	土 亥
垛	土 几 木
垠	土 艮
垡	亻 戈 土
垢	土 <后上> 口
垣	土 一 一
垤	土 一 土
垦	艮 土
垧	土 <向框> 口
垩	亚 土
垫	执 执.1 土
垭	土 亚
垮	土 大 <亏下>
垲	土 山 己
垴	土 文 凵
垸	土 宀 元
埂	土 丈 日
埃	土 厶 矢
埋	土 里
城	土 戊 亅
埏	土 丿 廴
埒	土 爫 寸
埔	土 甫
埕	土 口 王
埘	土 日 寸
埙	土 口 贝
埚	土 口 内
埝	土 亽 心
域	土 戈 口
埠	土 <阜上> 十
埤	土 卑 卑.1
埭	土 彐 水
埯	土 大 乚
埴	土 十 <具上>
埸	土 日 勹
培	土 立 口
基	其 土
埽	土 彐 巾
堀	土 尸 出
堂	<赏上> 土
堆	土 隹
堇	廿 口 龶
堋	土 月 月
堍	土 兔
堑	<车旁> 斤 土
堕	阝 <有上> 土
堙	土 覀 土
堞	土 世 木
堠	土 <候角> 矢
堡	亻 口 土
堤	土 日 <足下>
堪	土 其 乚
堰	土 匚 日
堵	土 者
塄	土 罒 方
塌	土 日 羽
塍	月 龹 土
塑	丷 月 土
塔	土 艹 口
塘	土 广 口
塞	宀 <井变> 土
塥	土 一 冂
填	土 十 八
塬	土 厂 小
塾	<享上> 九 土
墀	土 尸 牛
墁	土 日 又
境	土 竟
墅	里 龴 土
墉	土 广 冃
墒	土 商
墓	莫 土
墙	土 十 囗
墚	土 刀 木
增	土 丷 日
墟	土 虍 业
墨	黑 土
墩	土 <享上> 攵
墼	車 殳 土
壁	尸 辛 土
壅	亠 <乡上> 土
壑	<卓上> 又 土
壕	土 <亮上> 豕
壤	土 衣 口
士	士
壬	壬
壮	丬 士
声	声
壳	士 冖 几
壶	士 冖 业
壹	士 冖 <首上>
夂	夂
处	夂 卜
备	夂 田
复	<卧人> 日 夂
夏	丆 目 夂
夔	<首上> 丿 夂
夕	夕
外	夕 卜
夙	<风上> 歹
多	夕 夕
夜	亠 亻 夂
够	勹 口 夕
夤	夕 穴 一
夥	日 木 夕
大	大
天	一 大
太	大 丶
夫	夫
夭	丿 大
央	央
夯	大 力
失	失
头	头
夷	大 弓
夸	大 二 <亏下>
夹	夫 丷
夺	大 寸
夼	大 川
奁	大 匚 乂
奂	<负上> 冂 大
奄	大 日 乚
奇	大 可
奈	大 示
奉	<春上> <举下>
奋	大 田
奎	大 圭
奏	<春上> 一 大
契	丰 刀 大
奔	大 十 廾
奕	亦 大
奖	丬 夕 大
套	大 <镸上> 厶
奘	爿 士 大
奚	爫 幺 大
奠	酋 大
奢	大 者
奥	<向框> 米 大
女	女
奴	女 又
奶	女 乃
奸	女 干
她	女 也
好	女 子
妁	女 勹 丶
如	女 口
妃	女 己
妄	亡 女
妆	丬 女
妇	女 彐
妈	女 马
妊	女 壬
妍	女 一 廾
妒	女 户
妓	女 十 又
妖	女 丿 大
妗	女 亽 乛
妙	女 少
妞	女 丑
妣	女 比
妤	女 龴 <予下>
妥	爫 女
妨	女 方
妩	女 <干变> 乚
妪	女 匚 乂
妫	女 <冬下> 力
妮	女 尸 匕
妯	女 由
妲	女 日 一
妹	女 未
妻	十 <秉中> 女
妾	立 女
姆	女 母
姊	女 丿 <亏下>
始	女 厶 口
姐	女 且
姑	女 古
姒	女 以
姓	女 丿 龶
委	禾 女
姗	女 册
姘	女 <首上> 廾
姚	女 <兆左> <兆右>
姜	<美上> 女
姝	女 朱
姣	女 亠 父
姥	女 耂 匕
姨	女 大 弓
姬	女 匚 丨
姹	女 宀 七
姻	女 囗 大
姿	冫 欠 女
威	戊 一 女
娃	女 圭
娄	米 女
娅	女 亚
娆	女 <尧上> 儿
娇	女 丿 <齐下>
娈	<变上> 女
娉	女 由 丂
娌	女 里
娑	氵 少 女
娓	女 尸 毛
娘	女 丶 艮
娜	女 <那左> 阝
娟	女 口 冃
娠	女 厂 <辰内>
娣	女 丷 弓
娥	女 手 戈
娩	女 <负上> <见下>
娱	女 口 大
娲	女 口 内
娴	女 门 木
娶	耳 又 女
娼	女 日 日
婀	女 阝 可
婆	氵 皮 女
婉	女 宀 㔾
婊	女 龶 <衣下>
婕	女 一 <足下>
婚	女 <卬左> 日
婢	女 卑 卑.1
婧	女 青
婪	林 女
婴	贝 贝 女
婵	女 丷 十
婶	女 宀 丨
婷	女 <亮上> 丁
婺	龴 攵 女
婿	女 乛 冃
媒	女 廿 木
媚	女 <声下> 目
媛	女 爫 又
媪	女 日 皿
媲	女 <囱框> 比
媳	女 丿 心
媵	月 龹 女
媸	女 屮 虫
媾	女 <冓上> 冂
嫁	女 宀 豕
嫂	女 叟
嫉	女 疒 矢
嫌	女 <首上> <兼末>
嫒	女 爱 爱.1
嫔	女 穴 丘
嫖	女 覀 示
嫘	女 田 小
嫜	女 章
嫠	未 厂 女
嫡	女 啇
嫣	女 一 <亏下>
嫦	女 <赏上> 巾
嫩	女 木 攵
嫫	女 莫
嫱	女 十 囗
嬉	女 吉 口
嬖	尸 辛 女
嬗	女 亠 一
嬲	田 力 力
嬴	<赢框> <赢框>.1 女
嬷	女 广 厶
孀	女 <雨头> 目
子	子
孑	孑
孓	乛 亅 丶
孔	子 乚
孕	乃 子
字	宀 子
存	<在角> 子
孙	子 小
孚	爫 子
孛	十 冖 子
孜	子 攵
孝	耂 子
孟	子 皿
孢	子 包
季	禾 子
孤	子 瓜
孥	女 又 子
学	<学上> 子
孩	子 亥
孪	<变上> 子
孬	不 女 子
孰	<享上> 子 九
孱	尸 子 子
孳	<首上> 幺 子
孵	<卯左> 爫 子
孺	子 <雨头> <而下>
孽	艹 <阜上> 子
宀	宀
宁	宁
它	宀 匕
宄	宀 九
宅	宀 丿 七
宇	宀 于
守	宀 寸
安	安 安.1
宋	宀 木
完	宀 元
宏	宀 <有上> 厶
宓	宀 心 丿
宕	宀 石
宗	宀 示
官	宀 <官下>
宙	宀 由
定	宀 一 <足下>
宛	宀 夕 㔾
宜	宀 且
宝	宀 王 丶
实	宀 头
宠	宀 龙
审	宀 日 丨
客	宀 各
宣	宀 一 一
室	宀 一 土
宥	宀 <有上> 冃
宦	宀 匚 丨
宪	宀 <告上> 儿
宫	宀 口 口
宰	宀 辛
害	宀 丰 口
宴	宀 日 女
宵	宀 <肖上> 冃
家	宀 豕
宸	宀 厂 <辰内>
容	宀 谷
宽	宀 艹 见
宾	穴 丘
宿	宀 亻 日
寂	宀 小 又
寄	宀 大 可
寅	穴 一 由
密	宀 心 山
寇	宀 元 <卓上>
富	宀 畐
寐	宀 爿 未
寒	宀 <井变> <冬下>
寓	宀 甲 冂
寝	宀 丬 又
寞	宀 莫
察	宀 <祭上> 示
寡	宀 丆 分
寤	宀 爿 口
寥	宀 羽 彡
寨	宀 <井变> 朩
寮	宀 大 小
寰	宀 罒 <衣下>
寸	寸
对	又 寸
寺	土 寸
寻	彐 寸
导	巳 寸
寿	<丰变> 寸
封	圭 寸
射	身 寸
将	丬 夕 寸
尉	尸 示 寸
尊	酋 寸
小	小
少	少
尔	<负上> 小
尕	乃 小
尖	小 大
尘	小 土
尚	尚
尜	小 大 小
尝	龸 云
尢	尢
尤	尢 丶
尥	尢 勹 丶
尧	<尧上> 一 儿
尬	尢 人 <齐下>
就	<享上> 小 尢
尴	尢 <临左> <半竹>
尸	尸
尹	<秉中> 丿
尺	尺
尻	尸 九
尼	尸 匕
尽	尺 <冬下>
尾	尸 毛
尿	尸 水
局	尸 亅 口
屁	尸 比
层	尸 云
居	尸 古
屈	尸 出
屉	尸 世
届	尸 由
屋	尸 一 土
屎	尸 米
屏	尸 <首上> 廾
屐	尸 彳 又
屑	尸 <肖上> 冃
展	尸 龷 <辰下>
屙	尸 阝 可
属	尸 丿 冂
屠	尸 者
屡	尸 米 女
屣	尸 彳 <足下>
履	尸 彳 夂
屦	尸 彳 女
屮	屮
屯	七 凵
山	山
屹	山 <卧人> 乙
屺	山 己
屿	山 与
岁	山 夕
岂	山 己
岈	山 一 <牙下>
岌	山 及
岍	山 一 廾
岐	山 十 又
岑	山 亽 乛
岔	分 山
岖	山 匚 乂
岗	山 冂 乂
岘	山 见
岙	丿 大 山
岚	山 风
岛	<鸟上> 山
岜	山 巴
岢	山 可
岣	山 勹 口
岩	山 石
岫	山 由
岬	山 甲
岭	山 亽 龴
岱	代 山
岳	丘 山
岵	山 古
岷	山 巳 七
岸	山 厂 干
岽	山 <东上> 小
岿	山 <归左> 彐
峁	山 <卯左> 卩
峄	山 又 <举下>
峋	山 勹 日
峒	山 冂 一
峙	山 土 寸
峡	山 夫 丷
峤	山 丿 <齐下>
峥	山 <负上> 亅
峦	<变上> 山
峨	山 手 戈
峪	山 谷
峭	山 <肖上> 冃
峰	山 夂 丰
峻	山 厶 夂
崂	山 <营上> 力
崃	山 未 丷
崆	山 穴 工
崇	山 宀 示
崎	山 大 可
崔	山 隹
崖	山 厂 圭
崛	山 尸 出
崞	山 <享上> 子
崤	山 乂 冃
崦	山 大 乚
崧	山 木 厶
崩	山 月 月
崭	山 <车旁> 斤
崮	山 囗 古
崴	山 戊 一
崽	山 田 心
崾	山 覀 女
嵇	禾 丶 山
嵊	山 禾 <北左>
嵋	山 <声下> 目
嵌	山 廿 欠
嵘	山 <营上> 木
嵛	山 亼 <前下>
嵝	山 米 女
嵩	山 高
嵫	山 <首上> 幺
嵬	山 白 <见下>
嵯	山 <差上> 工
嵴	山 <脊右> 月
嶂	山 章
嶙	山 米 <舛右>
嶝	山 癶 <首上>
嶷	山 矢 <足下>
巅	山 八 页
巍	山 女 <见下>
巛	巛
川	川
州	州
巡	巛 辶
巢	巛 日 木
工	工
左	<有上> 工
巧	工 丂
巨	匚 <右框>
巩	工 几 丶
巫	工 人 人
差	<差上> 工
巯	<经角> 工 <流角>
己	己
已	已
巳	巳
巴	巴
巷	龷 八 巳
巽	巳 巳 八
巾	巾
币	丿 巾
市	亠 巾
布	<有上> 巾
帅	<归左> 巾
帆	巾 几 丶
师	<归左> 一 巾
希	乂 <有上> 巾
帏	巾 二 <韦下>
帐	巾 长
帑	女 又 巾
帔	巾 皮
帕	巾 白
帖	巾 占 占.1
帘	穴 巾
帙	巾 失
帚	彐 冖 巾
帛	白 巾
帜	巾 口 八
帝	<旁上> 巾
带	<带上> 冖 巾
帧	巾 <卓上> 贝
席	广 廿 巾
帮	<丰变> 阝 巾
帱	巾 <丰变> 寸
帷	巾 隹
常	<赏上> 巾
帻	巾 龶 贝
帼	巾 囗 王
帽	巾 <冒上> 目
幂	冖 日 巾
幄	巾 尸 土
幅	巾 畐
幌	巾 日 儿
幔	巾 日 又
幕	莫 巾
幛	巾 章
幞	巾 业 丶
幡	巾 丿 田
幢	巾 立 里
干	干
平	干 丷
年	<卧人> <年下>
并	<首上> 廾
幸	土 <首上> 十
幺	幺
幻	幺 亅
幼	幺 力
幽	山 幺 幺
广	广
庀	广 匕
庄	广 土
庆	广 大
庇	广 比
床	广 木
庋	广 十 又
序	广 龴 <予下>
庐	广 户
庑	广 <干变> 乚
库	广 车
应	广 <应下>
底	广 <卬左> 七
庖	广 包
店	广 占 占.1
庙	广 由
庚	广 <秉中> 人
府	广 亻 寸
庞	广 龙
废	广 发
庠	广 羊
庥	广 亻 木
度	广 廿 又
座	广 人 土
庭	广 壬 廴
庳	广 卑 卑.1
庵	广 大 乚
庶	广 廿 灬
康	广 彐 水
庸	广 <秉中> 冃
庹	广 廿 尺
庾	广 臼 人
廉	广 <首上> <兼末>
廊	广 丶 阝
廑	广 廿 龶
廒	广 敖
廓	广 <享上> 阝
廖	广 羽 彡
廛	广 里 土
廨	广 <负上> 牛
廪	广 亠 示
廴	廴
延	丿 <延止> 廴
廷	壬 廴
建	<秉中> <举下> 廴
廾	廾
廿	廿
开	一 廾
弁	厶 廾
异	巳 廾
弃	<充上> 廾
弄	王 廾
弈	亦 廾
弊	丷 攵 廾
弋	弋
式	弋 工
弑	乂 朩 弋
弓	弓
引	弓 丨
弗	弓 <齐下>
弘	弓 厶
弛	弓 也
弟	丷 弓 丿
张	弓 长
弥	弓 <负上> 小
弦	弓 玄
弧	弓 瓜
弩	女 又 弓
弪	弓 <经角> 工
弭	弓 耳
弯	<变上> 弓
弱	弓 冫 弓
弹	弓 丷 十
强	弓 虽
弼	弓 丆 弓
彀	士 弓 殳
彐	彐
归	<归左> 彐
当	<肖上> 彐
录	<录上> 水
彖	彑 <豕下>
彗	丰 丰 彐
彘	彑 矢 比
彝	彑 米 廾
彡	彡
形	一 廾 彡
彤	<周框> 亠 彡
彦	立 丿 彡
彩	爫 木 彡
彪	虍 几 彡
彬	林 彡
彭	吉 <首上> 彡
彰	章 彡
影	日 小 彡
彳	彳
彷	彳 方
役	彳 殳
彻	彳 七 刀
彼	彳 皮
往	彳 主
征	彳 一 止
徂	彳 且
径	彳 <经角> 工
待	彳 土 寸
徇	彳 勹 日
很	彳 艮
徉	彳 羊
徊	彳 囗 口
律	彳 <秉中> <举下>
後	彳 幺 夂
徐	彳 余
徒	彳 走
徕	彳 未 丷
得	彳 日 寸
徘	彳 非
徙	彳 止 <足下>
徜	彳 尚
御	彳 <卧人> 卩
徨	彳 白 王
循	彳 <反框> 目
徭	彳 爫 缶
微	<微框> <微框>.1 几
徵	<微框> <微框>.1 王
德	彳 十 心
徼	彳 白 攵
徽	<微框> <微框>.1 幺
心	心
忄	忄
必	心 丿
忆	忄 乙
忉	忄 刀
忌	己 心
忍	刀 丶 心
忏	忄 千
忐	<卓上> 一 心
忑	下 心
忒	弋 心
忖	忄 寸
志	士 心
忘	亡 心
忙	忄 亡
忝	一 大 <恭下>
忠	口 丨 心
忡	忄 口 丨
忤	忄 午
忧	忄 尢 丶
忪	忄 八 厶
快	忄 夬
忭	忄 亠 卜
忮	忄 十 又
忱	忄 <巾变> 乚
念	亽 乛 心
忸	忄 丑
忻	忄 斤
忽	勹 <两撇> 心
忾	忄 气
忿	分 心
怀	忄 不
态	大 丶 心
怂	人 人 心
怃	忄 <干变> 乚
怄	忄 匚 乂
怅	忄 长
怆	忄 仓
怊	忄 召
怍	忄 乍
怎	乍 心
怏	忄 央
怒	女 又 心
怔	忄 一 止
怕	忄 白
怖	忄 <有上> 巾
怙	忄 古
怛	忄 日 一
怜	忄 亽 龴
思	田 心
怠	厶 口 心
怡	忄 厶 口
急	<负上> 彐 心
怦	忄 干 丷
性	忄 丿 龶
怨	夕 㔾 心
怩	忄 尸 匕
怪	忄 又 土
怫	忄 弓 <齐下>
怯	忄 土 厶
怵	忄 木 丶
总	丷 口 心
怼	又 寸 心
怿	忄 又 <举下>
恁	亻 壬 心
恂	忄 勹 日
恃	忄 土 寸
恋	<变上> 心
恍	忄 <肖上> 儿
恐	工 几 心
恒	忄 一 一
恕	女 口 心
恙	<美上> 心
恚	圭 心
恝	丰 刀 心
恢	忄 <有上> 火
恣	冫 欠 心
恤	忄 丿 皿
恧	丆 <而下> 心
恨	忄 艮
恩	囗 大 心
恪	忄 各
恫	忄 冂 一
恬	忄 舌
恭	龷 八 <恭下>
息	丿 目 心
恰	忄 亼 口
恳	艮 心
恶	亚 心
恸	忄 云 力
恹	忄 厂 大
恺	忄 山 己
恻	忄 贝 刂
恼	忄 文 凵
恽	忄 冖 车
恿	龴 <甬下> 心
悃	忄 囗 木
悄	忄 <肖上> 冃
悉	丿 米 心
悌	忄 丷 弓
悍	忄 日 干
悒	忄 口 巴
悔	忄 <卧人> 母
悖	忄 十 子
悚	忄 木 口
悛	忄 厶 夂
悝	忄 里
悟	忄 五 口
悠	亻 攵 心
患	口 口 心
悦	忄 丷 儿
您	亻 <负上> 心
悫	士 冖 心
悬	且 厶 心
悭	忄 又 土
悯	忄 门 文
悱	忄 非
悲	非 心
悴	忄 亠 十
悸	忄 禾 子
悻	忄 土 十
悼	忄 <卓上> 十
情	忄 青
惆	忄 <周框> 土
惊	忄 <享上> 小
惋	忄 宀 㔾
惑	戈 口 心
惕	忄 日 勹
惘	忄 冂 <首上>
惚	忄 勹 心
惜	忄 龷 日
惝	忄 尚
惟	忄 隹
惠	士 日 心
惦	忄 广 占
惧	忄 <具上> 八
惨	忄 厶 彡
惩	彳 一 心
惫	夂 田 心
惬	忄 匚 夫
惭	忄 <车旁> 斤
惮	忄 丷 十
惯	忄 毌 贝
惰	忄 <有上> 冃
想	木 目 心
惴	忄 山 <而下>
惶	忄 白 王
惹	艹 <有上> 心
惺	忄 日 龶
愀	忄 禾 火
愁	禾 火 心
愆	彳 亍 心
愈	亼 <前下> 心
愉	忄 亼 <前下>
愍	巳 攵 心
愎	忄 <卧人> 夂
意	立 日 心
愕	忄 口 <亏下>
愚	甲 冂 心
感	戊 一 心
愠	忄 日 皿
愣	忄 罒 方
愤	忄 十 贝
愦	忄 贵
愧	忄 白 <见下>
愫	忄 龶 小
愿	厂 白 心
慈	<首上> 幺 心
慊	忄 <首上> <兼末>
慌	忄 艹 <流角>
慎	忄 十 八
慑	忄 耳 又
慕	莫 <恭下>
慝	匚 艹 心
慢	忄 日 又
慧	丰 丰 心
慨	忄 <即左> 旡
慰	尸 寸 心
慵	忄 广 冃
慷	忄 广 水
憋	丷 攵 心
憎	忄 丷 日
憔	忄 焦
憝	<享上> 攵 心
憧	忄 立 里
憨	乛 攵 心
憩	舌 丿 心
憬	忄 日 小
憷	忄 林 <足下>
憾	忄 戊 心
懂	忄 艹 里
懈	忄 刀 牛
懊	忄 <向框> 大
懋	木 木 心
懑	氵 艹 心
懒	忄 木 负
懔	忄 亠 示
懦	忄 <雨头> <而下>
懵	忄 艹 目
懿	士 <首上> 心
戆	章 夂 心
戈	戈
戊	戊
戋	一 戈
戌	戊 一
戍	戊 丶
戎	戈 <有上>
戏	又 戈
成	戊 亅
我	手 戈
戒	戈 廾
戕	爿 戈
或	戈 口 一
戗	仓 戈
战	占 占.1 戈
戚	戊 <卓上> 一
戛	丆 目 戈
戟	十 十 戈
戡	其 乚 戈
戢	口 耳 戈
戤	乃 皿 戈
戥	日 龶 戈
截	十 戈 隹
戬	亚 日 戈
戮	羽 彡 戈
戳	羽 隹 戈
戴	十 戈 八
户	户
戽	户 斗
戾	户 大 丶
房	户 方
所	<反框> <右框> 斤
扁	户 冊
扃	户 冂 口
扇	户 羽
扈	户 口 巴
扉	户 非
手	手
扌	扌
才	才
扎	扌 乚
扑	扌 卜
扒	扌 八
打	扌 丁
扔	扌 乃
托	扌 丿 七
扛	扌 工
扣	扌 口
扦	扌 千
执	执 执.1
扩	扌 广
扪	扌 门
扫	扌 彐
扬	扌 <乃上> <两撇>
扭	扌 丑
扮	扌 分
扯	扌 止
扰	扌 尢 丶
扳	扌 反 反.1
扶	扌 夫
批	扌 比
扼	扌 厂 㔾
找	扌 戈
承	乛 水 三
技	扌 十 又
抄	扌 少
抉	扌 夬
把	扌 巴
抑	扌 <卬左> 卩
抒	扌 龴 <予下>
抓	扌 爪
投	扌 殳
抖	扌 斗
抗	扌 亠 几
折	扌 斤
抚	扌 <干变> 乚
抛	扌 九 力
抟	扌 二 <专下>
抠	扌 匚 乂
抡	扌 人 匕
抢	扌 仓
护	扌 户
报	扌 卩 又
抨	扌 干 丷
披	扌 皮
抬	扌 厶 口
抱	扌 包
抵	扌 <卬左> 七
抹	扌 末
抻	扌 日 丨
押	扌 甲
抽	扌 由
抿	扌 巳 七
拂	扌 弓 <齐下>
拄	扌 主
担	扌 日 一
拆	扌 斤 丶
拇	扌 母
拈	扌 占 占.1
拉	扌 立
拊	扌 亻 寸
拌	扌 半
拍	扌 白
拎	扌 亽 龴
拐	扌 另
拒	扌 匚 <右框>
拓	扌 石
拔	扌 犮
拖	扌 <卧人> 也
拗	扌 幺 力
拘	扌 勹 口
拙	扌 出
拚	扌 厶 廾
招	扌 召
拜	龵 一 丰
拟	扌 以
拢	扌 龙
拣	扌 七 <拣角>
拥	扌 用
拦	扌 <首上> 二
拧	扌 宁
拨	扌 发
择	扌 又 <举下>
括	扌 舌
拭	扌 弋 工
拮	扌 吉
拯	扌 乛 一
拱	扌 龷 八
拳	龹 手
拴	扌 全
拶	扌 巛 夕
拷	扌 耂 丂
拼	扌 <首上> 廾
拽	扌 日 乚
拾	扌 亼 口
拿	亼 口 手
持	扌 土 寸
挂	扌 圭
指	扌 匕 日
挈	丰 刀 手
按	扌 安 安.1
挎	扌 大 <亏下>
挑	扌 <兆左> <兆右>
挖	扌 穴 乙
挚	执 执.1 手
挛	<变上> 手
挝	扌 寸 辶
挞	扌 大 辶
挟	扌 夫 丷
挠	扌 <尧上> 儿
挡	扌 <肖上> 彐
挢	扌 丿 <齐下>
挣	扌 <负上> 亅
挤	扌 文 <齐下>
挥	扌 冖 车
挨	扌 厶 矢
挪	扌 <那左> 阝
挫	扌 人 土
振	扌 厂 <辰内>
挲	氵 少 手
挹	扌 口 巴
挺	扌 壬 廴
挽	扌 <负上> <见下>
捂	扌 五 口
捃	扌 <秉中> 口
捅	扌 龴 <甬下>
捆	扌 囗 木
捉	扌 足
捋	扌 爫 寸
捌	扌 另 刂
捍	扌 日 干
捎	扌 <肖上> 冃
捏	扌 日 土
捐	扌 口 冃
捕	扌 甫
捞	扌 <营上> 力
损	扌 口 贝
捡	扌 亼 <应下>
换	扌 <负上> 大
捣	扌 <鸟上> 山
捧	扌 <春上> <举下>
捩	扌 户 大
捭	扌 卑 卑.1
据	扌 尸 古
捱	扌 厂 圭
捶	扌 千 <垂下>
捷	扌 一 <足下>
捺	扌 大 示
捻	扌 亽 心
掀	扌 斤 欠
掂	扌 广 占
掇	扌 又 又
授	扌 受
掉	扌 <卓上> 十
掊	扌 立 口
掌	<赏上> 手
掎	扌 大 可
掏	扌 勹 缶
掐	扌 <负上> 臼
排	扌 非
掖	扌 亠 夂
掘	扌 尸 出
掠	扌 <享上> 小
探	扌 㓁 木
掣	牛 刂 手
接	扌 立 女
控	扌 穴 工
推	扌 隹
掩	扌 大 乚
措	扌 龷 日
掬	扌 勹 米
掭	扌 一 <恭下>
掮	扌 户 冃
掰	龵 分 手
掳	扌 虍 力
掴	扌 囗 王
掷	扌 丷 阝
掸	扌 丷 十
掺	扌 厶 彡
掼	扌 毌 贝
掾	扌 彑 <豕下>
揄	扌 亼 <前下>
揆	扌 癶 大
揉	扌 龴 木
揍	扌 <春上> 大
揎	扌 宀 一
描	扌 艹 田
提	扌 日 <足下>
插	扌 千 臼
揖	扌 口 耳
揞	扌 立 日
揠	扌 匚 日
握	扌 尸 土
揣	扌 山 <而下>
揩	扌 比 白
揪	扌 禾 火
揭	扌 日 勹
揲	扌 世 木
援	扌 爫 又
揶	扌 耳 阝
揸	扌 木 一
揽	扌 <半竹> 见
揿	扌 钅 欠
搀	扌 <负上> <冬下>
搁	扌 门 各
搂	扌 米 女
搅	扌 <学上> 见
搋	扌 <反框> 几
搌	扌 尸 <辰下>
搏	扌 甫 寸
搐	扌 玄 田
搓	扌 <差上> 工
搔	扌 又 虫
搛	扌 <首上> <兼末>
搜	扌 叟
搞	扌 高
搠	扌 丷 月
搡	扌 又 木
搦	扌 弓 弓
搪	扌 广 口
搬	扌 舟 殳
搭	扌 艹 口
搴	宀 <井变> 手
携	扌 隹 乃
搽	扌 艹 朩
搿	龵 亼 手
摁	扌 囗 心
摄	扌 耳 又
摅	扌 虍 心
摆	扌 罒 厶
摇	扌 爫 缶
摈	扌 穴 丘
摊	扌 又 隹
摒	扌 尸 廾
摔	扌 亠 十
摘	扌 啇
摞	扌 田 小
摧	扌 山 隹
摩	广 林 手
摭	扌 广 灬
摸	扌 莫
摹	莫 手
摺	扌 羽 白
撂	扌 田 各
撄	扌 贝 女
撅	扌 厂 欠
撇	扌 丷 攵
撑	扌 <赏上> 手
撒	扌 龷 攵
撕	扌 其 斤
撖	扌 乛 攵
撙	扌 酋 寸
撞	扌 立 里
撤	扌 <充上> 攵
撩	扌 大 小
撬	扌 毛 毛
播	扌 丿 田
撮	扌 日 又
撰	扌 巳 八
撵	扌 夫 车
撷	扌 吉 页
撸	扌 鱼 日
撺	扌 穴 丨
撼	扌 戊 心
擀	扌 人 干
擂	扌 <雨头> 田
擅	扌 亠 一
操	扌 口 木
擎	艹 攵 手
擐	扌 罒 <衣下>
擒	扌 人 冂
擗	扌 尸 辛
擘	尸 辛 手
擞	扌 米 攵
擢	扌 羽 隹
擤	扌 丿 丌
擦	扌 宀 示
攀	木 木 手
攉	扌 <雨头> 隹
攒	扌 <告上> 贝
攘	扌 衣 口
攥	扌 <竹头> 小
攫	扌 目 又
攮	扌 十 <衣下>
支	十 又
攴	<卓上> 又
攵	攵
收	丩 攵
攸	亻 丨 攵
改	己 攵
攻	工 攵
放	方 攵
政	一 止 攵
故	古 攵
效	亠 父 攵
敉	米 攵
敌	舌 攵
敏	<卧人> 母 攵
救	<求架> 丶 攵
敕	木 口 攵
敖	敖
教	耂 子 攵
敛	亼 <应下> 攵
敝	丷 巾 攵
敞	尚 攵
敢	乛 耳 攵
散	龷 冃 攵
敦	<享上> 子 攵
敫	白 方 攵
敬	艹 口 攵
数	米 女 攵
敲	高 <卓上> 又
整	木 攵 止
敷	甫 方 攵
文	文
斋	文 丆 <而下>
斌	文 一 弋
斐	非 文
斑	王 文 王
斓	文 门 木
斗	斗
料	米 斗
斛	<负上> 用 斗
斜	余 斗
斟	其 乚 斗
斡	十 十 斗
斤	斤
斥	斤 丶
斧	父 斤
斩	<车旁> 斤
斫	石 斤
断	米 乚 斤
斯	其 斤
新	亲 斤
方	方
於	方 人 <冬下>
施	<旗角> 也
旁	<旁上> 方
旃	<旗角> <周框> 亠
旄	<旗角> 毛
旅	<旗角> 丿 <辰下>
旆	<旗角> 一 巾
旋	<旗角> 乛 <足下>
旌	<旗角> 丿 龶
旎	<旗角> 尸 匕
族	<旗角> 矢
旒	<旗角> <充上> <流角>
旖	<旗角> 大 可
旗	<旗角> 其
无	<干变> 乚
既	<即左> 旡
日	日
旦	日 一
旧	丨 日
旨	匕 日
早	日 十
旬	勹 日
旭	九 日
旮	九 日
旯	日 九
旰	日 干
旱	日 干
时	日 寸
旷	日 广
旺	日 王
昀	日 勹 冫
昂	日 <卬左> 卩
昃	日 厂 人
昆	日 比
昊	日 一 大
昌	日 日
明	日 月
昏	<卬左> 七 日
易	日 勹 <两撇>
昔	龷 日
昕	日 斤
昙	日 云
昝	夂 卜 日
星	日 丿 龶
映	日 央
春	<春上> 日
昧	日 未
昨	日 乍
昭	日 召
是	日 一 <足下>
昱	日 立
昴	日 <卯左> 卩
昵	日 尸 匕
昶	丶 <永下> 日
昼	尺 日 一
显	日 业
晁	日 <兆左> <兆右>
晃	日 <肖上> 儿
晋	亚 日
晌	日 <向框> 口
晏	日 安 安.1
晒	日 西
晓	日 <尧上> 儿
晔	日 <化右> 十
晕	日 冖 车
晖	日 冖 车
晗	日 亽 口
晚	日 <负上> <见下>
晟	日 戊 亅
晡	日 甫
晤	日 五 口
晦	日 <卧人> 母
晨	日 厂 <辰内>
普	<首上> 业 日
景	日 <享上> 小
晰	日 木 斤
晴	日 青
晶	日 日 日
晷	日 夂 口
智	矢 口 日
晾	日 <享上> 小
暂	<车旁> 斤 日
暄	日 宀 一
暇	日 <右框> 又
暌	日 癶 大
暑	日 者
暖	日 爫 又
暗	日 立 日
暝	日 冖 八
暧	日 爱 爱.1
暨	<即左> 旡 一
暮	莫 日
暴	日 龷 氺
暹	日 隹 辶
暾	日 <享上> 攵
曙	日 罒 者
曛	日 千 黑
曜	日 羽 隹
曝	日 日 氺
曦	日 <美上> 戈
曩	日 衣 口
曰	曰
曲	日 <临左>
曳	日 乚 丿
更	丈 日
曷	日 勹 乚
曹	<曹上> 日
曼	日 罒 又
曾	丷 <横日> 日
替	夫 夫 日
最	日 耳 又
月	月
有	<有上> 冃
朊	月 元
朋	月 月
服	月 卩 又
朐	月 勹 口
朔	丷 <屮变> 月
朕	月 丷 大
朗	丶 <即左> 月
望	亡 月 王
朝	十 十 月
期	其 月
朦	月 <营上> <豕下>
木	木
未	未
末	末
本	木 一
札	木 乚
术	木 丶
朱	朱
朴	木 卜
朵	几 木
机	木 几
朽	木 丂
杀	乂 朩
杂	九 朩
权	木 又
杆	木 干
杈	木 又 丶
杉	木 彡
杌	木 一 儿
李	木 子
杏	木 口
材	木 才
村	木 寸
杓	木 勹 丶
杖	木 丈
杜	木 土
杞	木 己
束	木 口
杠	木 工
条	夂 朩
来	未 丷
杨	木 <乃上> <两撇>
杩	木 马
杪	木 少
杭	木 亠 几
杯	木 不
杰	木 灬
杲	日 木
杳	木 日
杵	木 午
杷	木 巴
杼	木 龴 <予下>
松	木 八 厶
板	木 反 反.1
极	木 及
构	木 勹 厶
枇	木 比
枉	木 王
枋	木 方
析	木 斤
枕	木 <巾变> 乚
林	林
枘	木 内
枚	木 攵
果	日 木
枝	木 十 又
枞	木 人 人
枢	木 匚 乂
枣	木 冂 <冬下>
枥	木 厂 力
枧	木 见
枨	木 长
枪	木 仓
枫	木 风
枭	<鸟上> 木
枯	木 古
枰	木 干 丷
枳	木 口 八
枵	木 口 丂
架	加 木
枷	木 加
枸	木 勹 口
柁	木 宀 匕
柃	木 亽 龴
柄	木 一 内
柏	木 白
某	廿 一 木
柑	木 廿 一
柒	氵 七 木
染	氵 九 木
柔	龴 <矛下> 木
柘	木 石
柙	木 甲
柚	木 由
柜	木 匚 <右框>
柝	木 斤 丶
柞	木 乍
柠	木 宁
柢	木 <卬左> 七
查	木 日 一
柩	木 匚 <负上>
柬	木 <黑上>
柯	木 可
柰	木 示
柱	木 主
柳	木 <卯左> 卩
柴	止 匕 木
柽	木 又 土
柿	木 亠 巾
栀	木 <后上> 㔾
栅	木 册
标	木 示
栈	木 一 戈
栉	木 艹 <节下>
栊	木 龙
栋	木 <东上> 小
栌	木 <卓上> 尸
栎	木 <卬左> 小
栏	木 <首上> 二
树	木 又 寸
栓	木 全
栖	木 西
栗	覀 木
栝	木 舌
校	木 亠 父
栩	木 羽
株	木 朱
栲	木 耂 丂
栳	木 耂 匕
样	木 羊
核	木 亥
根	木 艮
格	木 各
栽	十 戈 木
栾	<变上> 木
桀	夕 <舛右> 木
桁	木 彳 亍
桂	木 圭
桃	木 <兆左> <兆右>
桄	木 <肖上> 儿
桅	木 <负上> 㔾
框	木 匚 王
案	安 安.1 木
桉	木 安 安.1
桊	龹 木
桌	<卓上> 日 木
桎	木 一 土
桐	木 冂 一
桑	又 又 木
桓	木 一 一
桔	木 吉
桕	木 臼
桠	木 亚
桡	木 <尧上> 儿
桢	木 <卓上> 贝
档	木 <肖上> 彐
桤	木 山 己
桥	木 丿 <齐下>
桦	木 <化右> 十
桧	木 人 云
桨	丬 夕 木
桩	木 广 土
桫	木 氵 少
桴	木 爫 子
桶	木 龴 <甬下>
桷	木 <负上> 用
梁	氵 刀 木
梃	木 壬 廴
梅	木 <卧人> 母
梆	木 <丰变> 阝
梏	木 告
梓	木 辛
梗	木 丈 日
梢	木 <肖上> 冃
梦	林 夕
梧	木 五 口
梨	禾 刂 木
梭	木 厶 夂
梯	木 丷 弓
械	木 戈 廾
梳	木 <充上> <流角>
梵	林 几 丶
检	木 亼 <应下>
棂	木 彐 火
棉	木 白 巾
棋	木 其
棍	木 日 比
棒	木 <春上> <举下>
棕	木 宀 示
棘	木 冂 木
棚	木 月 月
棠	<赏上> 木
棣	木 彐 水
森	木 林
棰	木 千 <垂下>
棱	木 土 夂
棵	木 日 木
棹	木 <卓上> 十
棺	木 宀 <官下>
棼	林 分
椁	木 <享上> 子
椅	木 大 可
椋	木 <享上> 小
植	木 十 <具上>
椎	木 隹
椐	木 尸 古
椒	木 <卓上> 又
椟	木 十 头
椠	<车旁> 斤 木
椤	木 罒 夕
椭	木 <有上> 冃
椰	木 耳 阝
椴	木 <段左> 殳
椹	木 其 乚
椽	木 彑 <豕下>
椿	木 <春上> 日
楂	木 木 一
楔	木 刀 大
楗	木 <秉中> 廴
楚	林 乛 <足下>
楝	木 木 <黑上>
楞	木 罒 方
楠	木 <南上> <首上>
楣	木 <声下> 目
楦	木 宀 一
楫	木 口 耳
楮	木 者
楱	木 <春上> 大
楷	木 比 白
楸	木 禾 火
楹	木 乃 皿
楼	木 米 女
榀	木 口 口
概	木 <即左> 旡
榄	木 <半竹> 见
榆	木 亼 <前下>
榇	木 亲
榈	木 门 口
榉	木 <应下> <举下>
榍	木 尸 冃
榔	木 丶 阝
榕	木 宀 谷
榘	矢 匚 木
榛	木 <春上> 禾
榜	木 <旁上> 方
榧	木 匚 非
榨	木 穴 乍
榫	木 隹 十
榭	木 身 寸
榱	木 衣 <衰中>
榴	木 刀 田
榷	木 冖 隹
榻	木 日 羽
槁	木 高
槊	丷 月 木
槌	木 <阜上> 辶
槎	木 <差上> 工
槐	木 白 <见下>
槔	木 白 十
槛	木 <半竹> 皿
槟	木 穴 丘
槠	木 讠 者
槭	木 戊 <卓上>
槲	木 <负上> 斗
槽	木 <曹上> 日
槿	木 廿 龶
樊	木 木 大
樗	木 <雨头> <亏下>
樘	木 <赏上> 土
樟	木 章
模	木 莫
樨	木 尸 牛
横	木 龷 八
樯	木 十 囗
樱	木 贝 女
樵	木 焦
樽	木 酋 寸
樾	木 走 戈
橄	木 乛 攵
橇	木 毛 毛
橐	十 口 木
橘	木 龴 冂
橙	木 癶 <首上>
橛	木 厂 欠
橡	木 象
橥	犭 者 木
橱	木 厂 寸
橹	木 鱼 日
橼	木 彑 <豕下>
檀	木 亠 一
檄	木 白 攵
檎	木 人 冂
檐	木 <负上> 言
檑	木 <雨头> 田
檗	尸 辛 木
檠	艹 攵 木
檩	木 亠 示
檫	木 宀 示
檬	木 <营上> <豕下>
欠	欠
次	冫 欠
欢	又 欠
欣	斤 欠
欤	与 欠
欧	匚 乂 欠
欲	谷 欠
欷	乂 <有上> 欠
欹	大 可 欠
欺	其 欠
款	士 示 欠
歃	千 臼 欠
歆	立 日 欠
歇	日 乚 欠
歉	<首上> <兼末> 欠
歌	可 可 欠
歙	亼 羽 欠
止	止
正	一 止
此	止 匕
步	止 <步下>
武	一 弋 止
歧	止 十 又
歪	不 一 止
歹	歹
死	歹 匕
歼	歹 千
殁	歹 殳
殂	歹 且
殃	歹 央
殄	歹 人 彡
殆	歹 厶 口
殇	歹 <卧人> <乃上>
殉	歹 勹 日
殊	歹 朱
残	歹 一 戈
殍	歹 爫 子
殒	歹 口 贝
殓	歹 亼 <应下>
殖	歹 十 <具上>
殚	歹 丷 十
殛	歹 乛 一
殡	歹 穴 丘
殪	歹 士 <首上>
殳	殳
殴	匚 乂 殳
段	<段左> 殳
殷	<反框> 彐 殳
殿	尸 龷 殳
毁	臼 工 殳
毂	士 <车旁> 殳
毅	立 <豕下> 殳
毋	毋
母	母
每	<卧人> 母
毒	龶 母
毓	<卧人> 母 <流角>
比	比
毕	比 十
毖	比 心 丿
毗	田 比
毙	比 歹 匕
毛	毛
毡	毛 占 占.1
毪	毛 厶 牛
毫	<亮上> 毛
毯	毛 火 火
毳	毛 毛 毛
毵	厶 彡 毛
毹	亼 <前下> 毛
毽	毛 <秉中> <举下>
氅	尚 攵 毛
氆	毛 <首上> 业
氇	毛 鱼 日
氍	目 隹 毛
氏	<卬左> 七
氐	<卬左> 七 丶
民	巳 七
氓	亡 巳 七
气	气
氕	气 丿
氖	气 乃
氘	气 <齐下>
氙	气 山
氚	气 川
氛	气 分
氟	气 弓 <齐下>
氡	气 夂 <冬下>
氢	气 <经角> 工
氤	气 囗 大
氦	气 亥
氧	气 羊
氨	气 安 安.1
氩	气 亚
氪	气 古 儿
氮	气 火 火
氯	气 <录上> 水
氰	气 青
氲	气 日 皿
水	水
氵	氵
永	丶 <永下>
氽	人 水
汀	氵 丁
汁	氵 十
求	<求架> 丶
汆	丿 丶 水
汇	氵 匚
汉	氵 又
汊	氵 又 丶
汐	氵 夕
汔	氵 <卧人> 乙
汕	氵 山
汗	氵 干
汛	氵 乙 十
汜	氵 巳
汝	氵 女
汞	工 水
江	氵 工
池	氵 也
污	氵 二 <亏下>
汤	氵 <乃上> <两撇>
汨	氵 日
汩	氵 曰
汪	氵 王
汰	氵 大 丶
汲	氵 及
汴	氵 亠 卜
汶	氵 文
汹	氵 乂 凵
汽	氵 气
汾	氵 分
沁	氵 心
沂	氵 斤
沃	氵 丿 大
沅	氵 元
沆	氵 亠 几
沈	氵 <巾变> 乚
沉	氵 冖 几
沌	氵 七 凵
沏	氵 七 刀
沐	氵 木
沓	水 日
沔	氵 一 亅
沙	氵 少
沛	氵 一 巾
沟	氵 勹 厶
没	氵 殳
沣	氵 丰
沤	氵 匚 乂
沥	氵 厂 力
沦	氵 人 匕
沧	氵 仓
沩	氵 <冬下> 力
沪	氵 户
沫	氵 末
沭	氵 木 丶
沮	氵 且
沱	氵 宀 匕
沲	氵 <卧人> 也
河	氵 可
沸	氵 弓 <齐下>
油	氵 由
治	氵 厶 口
沼	氵 召
沽	氵 古
沾	氵 占 占.1
沿	氵 几 口
泄	氵 世
泅	氵 囗 人
泉	白 水
泊	氵 白
泌	氵 心 丿
泐	氵 阝 力
泓	氵 弓 厶
泔	氵 廿 一
法	氵 土 厶
泖	氵 <卯左> 卩
泗	氵 囗 儿
泛	氵 丿 之
泞	氵 宁
泠	氵 亽 龴
泡	氵 包
波	氵 皮
泣	氵 立
泥	氵 尸 匕
注	氵 主
泪	氵 目
泫	氵 玄
泮	氵 半
泯	氵 巳 七
泰	<春上> 氺
泱	氵 央
泳	氵 丶 <永下>
泵	石 水
泶	<学上> 水
泷	氵 龙
泸	氵 <卓上> 尸
泺	氵 <卬左> 小
泻	氵 冖 <亏下>
泼	氵 发
泽	氵 又 <举下>
泾	氵 <经角> 工
洁	氵 吉
洄	氵 囗 口
洇	氵 囗 大
洋	氵 羊
洌	氵 歹 刂
洎	氵 丿 目
洒	氵 西
洗	氵 <告上> 儿
洙	氵 朱
洚	氵 夂 <舛右>
洛	氵 各
洞	氵 冂 一
津	氵 <秉中> <举下>
洧	氵 <有上> 冃
洪	氵 龷 八
洫	氵 丿 皿
洮	氵 <兆左> <兆右>
洱	氵 耳
洲	氵 州
洳	氵 女 口
洵	氵 勹 日
洹	氵 一 一
活	氵 舌
洼	氵 圭
洽	氵 亼 口
派	氵 <反框> <辰下>
流	氵 <充上> <流角>
浃	氵 夫 丷
浅	氵 一 戈
浆	丬 夕 水
浇	氵 <尧上> 儿
浈	氵 <卓上> 贝
浊	氵 虫
测	氵 贝 刂
浍	氵 人 云
济	氵 文 <齐下>
浏	氵 文 刂
浑	氵 冖 车
浒	氵 讠 午
浓	氵 <巾变> <辰下>
浔	氵 彐 寸
浙	氵 扌 斤
浚	氵 厶 夂
浜	氵 丘 八
浞	氵 足
浠	氵 乂 巾
浣	氵 宀 元
浦	氵 甫
浩	氵 告
浪	氵 丶 艮
浮	氵 爫 子
浯	氵 五 口
浴	氵 谷
海	氵 <卧人> 母
浸	氵 彐 又
浼	氵 <负上> <见下>
涂	氵 余
涅	氵 日 土
消	氵 <肖上> 冃
涉	氵 止 <步下>
涌	氵 龴 <甬下>
涎	氵 丿 廴
涑	氵 木 口
涓	氵 口 冃
涔	氵 山 乛
涕	氵 丷 弓
涛	氵 <丰变> 寸
涝	氵 <营上> 力
涞	氵 未 丷
涟	氵 车 辶
涠	氵 囗 二
涡	氵 口 内
涣	氵 <负上> 大
涤	氵 夂 朩
润	氵 门 王
涧	氵 门 日
涨	氵 弓 长
涩	氵 刀 止
涪	氵 立 口
涫	氵 宀 <官下>
涮	氵 尸 刂
涯	氵 厂 圭
液	氵 亠 夂
涵	氵 乛 凵
涸	氵 囗 古
涿	氵 豕 丶
淀	氵 宀 <足下>
淄	氵 巛 田
淅	氵 木 斤
淆	氵 乂 冃
淇	氵 其
淋	氵 林
淌	氵 尚
淑	氵 <卓上> 又
淖	氵 <卓上> 十
淘	氵 勹 缶
淙	氵 宀 示
淝	氵 月 巴
淞	氵 八 厶
淠	氵 田 丌
淡	氵 火 火
淤	氵 人 <冬下>
淦	氵 金
淫	氵 爫 壬
淬	氵 亠 十
淮	氵 隹
深	氵 㓁 木
淳	氵 <享上> 子
混	氵 日 比
淹	氵 大 乚
添	氵 一 <恭下>
淼	水 水 水
清	氵 青
渊	氵 <齐下> 米
渌	氵 <录上> 水
渍	氵 龶 贝
渎	氵 十 头
渐	氵 <车旁> 斤
渑	氵 口 乚
渔	氵 鱼
渖	氵 宀 丨
渗	氵 厶 彡
渚	氵 者
渝	氵 亼 <前下>
渠	氵 匚 木
渡	氵 广 又
渣	氵 木 一
渤	氵 十 力
渥	氵 尸 土
温	氵 日 皿
渫	氵 世 木
渭	氵 田 冃
港	氵 龷 巳
渲	氵 宀 一
渴	氵 日 勹
游	氵 <旗角> 子
渺	氵 目 少
湃	氵 一 丰
湄	氵 <声下> 目
湍	氵 山 <而下>
湎	氵 丆 罒
湓	氵 分 皿
湔	氵 <首上> <前下>
湖	氵 古 月
湘	氵 木 目
湛	氵 其 乚
湟	氵 白 王
湫	氵 禾 火
湮	氵 覀 土
湾	氵 <变上> 弓
湿	氵 日 业
溃	氵 贵
溅	氵 贝 戈
溆	氵 余 又
溉	氵 <即左> 旡
溏	氵 广 口
源	氵 厂 小
溘	氵 土 皿
溜	氵 刀 田
溟	氵 冖 八
溢	氵 <首上> 皿
溥	氵 甫 寸
溧	氵 覀 木
溪	氵 爫 大
溯	氵 丷 月
溱	氵 <春上> 禾
溲	氵 叟
溴	氵 丿 大
溶	氵 宀 谷
溷	氵 囗 豕
溺	氵 弓 弓
溻	氵 日 羽
溽	氵 厂 寸
滁	氵 阝 余
滂	氵 <旁上> 方
滇	氵 十 八
滋	氵 <首上> 幺
滏	氵 父 <首上>
滑	氵 骨
滓	氵 宀 辛
滔	氵 爫 臼
滕	月 龹 氺
滗	氵 <竹头> 毛
滚	氵 衣 八
滞	氵 <带上> 巾
滟	氵 <负上> 巴
滠	氵 耳 又
满	氵 艹 两
滢	氵 <营上> 王
滤	氵 虍 心
滥	氵 <半竹> 皿
滦	氵 <变上> 木
滨	氵 穴 丘
滩	氵 又 隹
滴	氵 啇
滹	氵 虍 <于下>
漂	氵 覀 示
漆	氵 木 氺
漉	氵 <鹿上> 比
漏	氵 尸 雨
漓	氵 文 冂
演	氵 穴 一
漕	氵 <曹上> 日
漠	氵 莫
漤	氵 林 女
漩	氵 <旗角> <足下>
漪	氵 大 可
漫	氵 日 又
漭	氵 艹 廾
漯	氵 田 小
漱	氵 木 欠
漳	氵 章
漶	氵 口 心
漾	氵 <美上> <永下>
潆	氵 <营上> 小
潇	氵 艹 <肃下>
潋	氵 亼 攵
潍	氵 纟 隹
潘	氵 丿 田
潜	氵 夫 日
潞	氵 <足旁> 各
潢	氵 龷 八
潦	氵 大 小
潭	氵 覀 十
潮	氵 十 月
潲	氵 <肖上> 冃
潴	氵 犭 者
潸	氵 林 冃
潺	氵 尸 子
潼	氵 立 里
澄	氵 癶 <首上>
澈	氵 <充上> 攵
澉	氵 乛 攵
澌	氵 其 斤
澍	氵 吉 寸
澎	氵 吉 彡
澜	氵 门 木
澡	氵 口 木
澧	氵 日 <首上>
澳	氵 <向框> 大
澶	氵 亠 一
澹	氵 <负上> 言
激	氵 白 攵
濂	氵 广 <兼末>
濉	氵 目 隹
濑	氵 木 负
濒	氵 止 页
濞	氵 丿 丌
濠	氵 <亮上> 豕
濡	氵 <雨头> <而下>
濮	氵 业 丶
濯	氵 羽 隹
瀑	氵 日 氺
瀚	氵 人 羽
瀛	氵 <赢框> <赢框>.1
瀣	氵 又 一
瀵	氵 米 八
瀹	氵 亼 冊
灌	氵 艹 隹
灏	氵 日 页
灞	氵 <雨头> 月
火	火
灬	灬
灭	一 火
灯	火 丁
灰	<有上> 火
灵	彐 火
灶	火 土
灸	<负上> 丶 火
灼	火 勹 丶
灾	宀 火
灿	火 山
炀	火 <乃上> <两撇>
炅	日 火
炉	火 户
炊	火 欠
炎	火 火
炒	火 少
炔	火 夬
炕	火 亠 几
炖	火 七 凵
炙	<然角> 火
炜	火 二 <韦下>
炝	火 仓
炫	火 玄
炬	火 匚 <右框>
炭	山 <有上> 火
炮	火 包
炯	火 冂 口
炱	厶 口 火
炳	火 一 内
炷	火 主
炸	火 乍
点	占 占.1 灬
炻	火 石
炼	火 七 <拣角>
炽	火 口 八
烀	火 丿 <于下>
烁	火 <卬左> 小
烂	火 <首上> 二
烃	火 <经角> 工
烈	歹 刂 灬
烊	火 羊
烘	火 龷 八
烙	火 各
烛	火 虫
烟	火 囗 大
烤	火 耂 丂
烦	火 页
烧	火 <尧上> 儿
烨	火 <化右> 十
烩	火 人 云
烫	氵 <乃上> 火
烬	火 尺 <冬下>
热	执 执.1 灬
烯	火 乂 巾
烷	火 宀 元
烹	<享上> 乛 灬
烽	火 夂 丰
焉	一 <亏下> 灬
焊	火 日 干
焐	火 五 口
焓	火 亽 口
焕	火 <负上> 大
焖	火 门 心
焘	<丰变> 寸 灬
焙	火 立 口
焚	林 火
焦	焦
焯	火 <卓上> 十
焰	火 <负上> 臼
焱	火 火 火
然	<然角> 丶 灬
煅	火 <段左> 殳
煊	火 宀 一
煌	火 白 王
煎	<首上> <前下> 灬
煜	火 日 立
煞	<负上> 攵 灬
煤	火 廿 木
煦	日 勹 灬
照	日 召 灬
煨	火 田 <畏下>
煮	者 灬
煲	亻 口 火
煳	火 古 月
煸	火 户 冊
煺	火 艮 辶
煽	火 户 羽
熄	火 丿 心
熊	厶 匕 灬
熏	千 黑
熔	火 宀 谷
熘	火 刀 田
熙	匚 巳 灬
熟	<享上> 九 灬
熠	火 羽 白
熨	尸 寸 火
熬	敖 灬
熳	火 日 又
熵	火 商
熹	吉 <首上> 灬
燃	火 丶 灬
燎	火 大 小
燔	火 丿 田
燕	廿 口 灬
燠	火 <向框> 大
燥	火 口 木
燧	火 <首上> 辶
燮	火 火 又
燹	豕 豕 火
爆	火 日 氺
爝	火 爫 寸
爨	<臼裂> 冂 火
爪	爪
爬	爪 巴
爰	爫 <干变> 又
爱	爱 爱.1
爵	爫 <即左> 寸
父	父
爷	父 <节下>
爸	父 巴
爹	父 夕 夕
爻	乂 乂
爽	大 乂 乂
爿	爿
片	片
版	片 反 反.1
牌	片 卑 卑.1
牍	片 十 头
牒	片 世 木
牖	片 户 甫
牙	一 <牙下>
牛	牛
牝	牜 匕
牟	厶 牛
牡	牜 土
牢	宀 牛
牦	牜 毛
牧	牜 攵
物	牜 勹 <两撇>
牮	代 牛
牯	牜 古
牲	牜 丿 龶
牵	大 冖 牛
特	牜 土 寸
牺	牜 西
牾	牜 五 口
牿	牜 告
犀	尸 氺 牛
犁	禾 刂 牛
犄	牜 大 可
犊	牜 十 头
犋	牜 <具上> 八
犍	牜 <秉中> 廴
犏	牜 户 冊
犒	牜 高
犟	弓 虽 牛
犬	大 丶
犭	犭
犯	犭 㔾
犰	犭 九
犴	犭 干
状	丬 大 丶
犷	犭 广
犸	犭 马
犹	犭 尢 丶
狁	犭 厶 儿
狂	犭 王
狃	犭 丑
狄	犭 火
狈	犭 贝
狍	犭 包
狎	犭 甲
狐	犭 瓜
狒	犭 弓 <齐下>
狗	犭 勹 口
狙	犭 且
狞	犭 宁
狠	犭 艮
狡	犭 亠 父
狨	犭 戈 <有上>
狩	犭 宀 寸
独	犭 虫
狭	犭 夫 丷
狮	犭 一 巾
狯	犭 人 云
狰	犭 <负上> 亅
狱	犭 大 丶
狲	犭 子 小
狳	犭 余
狴	犭 比 土
狷	犭 口 冃
狸	犭 里
狺	犭 言
狻	犭 厶 夂
狼	犭 丶 艮
猁	犭 禾 刂
猃	犭 亼 <应下>
猊	犭 臼 儿
猎	犭 龷 日
猓	犭 日 木
猕	犭 <负上> 小
猖	犭 日 日
猗	犭 大 可
猛	犭 子 皿
猜	犭 青
猝	犭 亠 十
猞	犭 亼 古
猡	犭 罒 夕
猢	犭 古 月
猥	犭 田 <畏下>
猩	犭 日 龶
猪	犭 者
猫	犭 艹 田
猬	犭 田 冃
献	<南上> 大 丶
猱	犭 龴 木
猴	犭 <候角> 矢
猷	酋 大 丶
猸	犭 <声下> 目
猹	犭 木 一
猾	犭 骨
猿	犭 土 <衣下>
獍	犭 竟
獐	犭 章
獒	敖 大 丶
獗	犭 厂 欠
獠	犭 大 小
獬	犭 刀 牛
獭	犭 木 负
獯	犭 千 黑
獾	犭 艹 隹
玄	玄
率	亠 幺 十
玉	王 丶
王	王
玎	王 丁
玑	王 几
玖	王 <负上> 丶
玛	王 马
玟	王 文
玢	王 分
玩	王 元
玫	王 攵
玮	王 二 <韦下>
环	王 不
现	王 见
玲	王 亽 龴
玳	王 代
玷	王 占 占.1
玺	<负上> 小 王
玻	王 皮
珀	王 白
珂	王 可
珈	王 加
珉	王 巳 七
珊	王 册
珍	王 人 彡
珏	王 王 丶
珐	王 土 厶
珑	王 龙
珙	王 龷 八
珞	王 各
珠	王 朱
珥	王 耳
珧	王 <兆左> <兆右>
珩	王 彳 亍
班	王 <班中> 王
珲	王 冖 车
球	王 <求架> 丶
琅	王 丶 艮
理	王 里
琉	王 <充上> <流角>
琊	王 一 阝
琏	王 车 辶
琐	王 <肖上> 贝
琚	王 尸 古
琛	王 㓁 木
琢	王 豕 丶
琥	王 虍 几
琦	王 大 可
琨	王 日 比
琪	王 其
琬	王 宀 㔾
琮	王 宀 示
琰	王 火 火
琳	王 林
琴	王 王 乛
琵	王 王 比
琶	王 王 巴
琼	王 <享上> 小
瑁	王 <冒上> 目
瑕	王 <右框> 又
瑗	王 爫 又
瑙	王 巛 <囱框>
瑚	王 古 月
瑛	王 艹 央
瑜	王 亼 <前下>
瑞	王 山 <而下>
瑟	王 心 丿
瑭	王 广 口
瑰	王 白 <见下>
瑶	王 爫 缶
瑷	王 爱 爱.1
瑾	王 廿 龶
璀	王 山 隹
璁	王 <囱框> 心
璃	王 文 冂
璇	王 <旗角> <足下>
璋	王 章
璎	王 贝 女
璐	王 <足旁> 各
璜	王 龷 八
璞	王 业 丶
璧	尸 辛 王
璨	王 又 米
璩	王 虍 豕
璺	<臼裂> 冂 王
瓒	王 <告上> 贝
瓜	瓜
瓞	瓜 失
瓠	大 <亏下> 瓜
瓢	覀 示 瓜
瓣	<辛变> 瓜 辛
瓤	衣 口 瓜
瓦	瓦
瓮	八 厶 瓦
瓯	匚 乂 瓦
瓴	亽 龴 瓦
瓶	<首上> 廾 瓦
瓷	冫 欠 瓦
瓿	立 口 瓦
甄	覀 土 瓦
甍	艹 罒 瓦
甏	吉 彡 瓦
甑	丷 日 瓦
甓	尸 辛 瓦
甘	廿 一
甙	弋 廿 一
甚	其 乚
甜	舌 廿 一
生	丿 龶
甥	丿 龶 力
用	用
甩	月 乚
甫	甫
甬	龴 <甬下>
甭	不 用
甯	宀 心 <甬下>
田	田
由	由
甲	甲
申	日 丨
电	日 乚
男	田 力
甸	勹 田
町	田 丁
画	一 田 凵
甾	巛 田
畀	田 丌
畅	日 丨 <乃上>
畈	田 反 反.1
畋	田 攵
界	田 人 <齐下>
畎	田 大 丶
畏	田 <畏下>
畔	田 半
留	<卬左> 刀 田
畚	厶 大 田
畛	田 人 彡
畜	玄 田
略	田 各
畦	田 圭
番	丿 米 田
畲	人 示 田
畴	田 <丰变> 寸
畸	田 大 可
畹	田 宀 㔾
畿	幺 戈 田
疃	田 立 里
疆	弓 土 一
疋	乛 <足下>
疏	乛 止 <流角>
疑	匕 矢 <足下>
疒	疒
疔	疒 丁
疖	疒 <节下>
疗	疒 乛 亅
疙	疒 <卧人> 乙
疚	疒 <负上> 丶
疝	疒 山
疟	疒 <虐下>
疠	疒 丆 亅
疡	疒 <乃上> <两撇>
疣	疒 尢 丶
疤	疒 巴
疥	疒 人 <齐下>
疫	疒 殳
疬	疒 厂 力
疮	疒 仓
疯	疒 风
疰	疒 主
疱	疒 包
疲	疒 皮
疳	疒 廿 一
疴	疒 可
疵	疒 止 匕
疸	疒 日 一
疹	疒 人 彡
疼	疒 夂 <冬下>
疽	疒 且
疾	疒 矢
痂	疒 加
痃	疒 玄
痄	疒 乍
病	疒 一 内
症	疒 一 止
痈	疒 用
痉	疒 <经角> 工
痊	疒 全
痍	疒 大 弓
痒	疒 羊
痔	疒 土 寸
痕	疒 艮
痖	疒 亚
痘	疒 一 <首上>
痛	疒 龴 <甬下>
痞	疒 不 口
痢	疒 禾 刂
痣	疒 士 心
痤	疒 人 土
痦	疒 五 口
痧	疒 氵 少
痨	疒 <营上> 力
痪	疒 <负上> 大
痫	疒 门 木
痰	疒 火 火
痱	疒 非
痴	疒 矢 口
痹	疒 田 丌
痼	疒 囗 古
痿	疒 禾 女
瘀	疒 方 <冬下>
瘁	疒 亠 十
瘃	疒 豕 丶
瘅	疒 丷 十
瘊	疒 亻 矢
瘌	疒 木 刂
瘐	疒 臼 人
瘕	疒 <右框> 又
瘗	疒 夫 土
瘘	疒 米 女
瘙	疒 又 虫
瘛	疒 丰 心
瘟	疒 日 皿
瘠	疒 <脊左> 月
瘢	疒 舟 殳
瘤	疒 <卬左> 田
瘥	疒 <差上> 工
瘦	疒 叟
瘩	疒 艹 口
瘪	疒 丿 匕
瘫	疒 又 隹
瘭	疒 覀 示
瘰	疒 田 小
瘳	疒 羽 彡
瘴	疒 章
瘵	疒 <祭上> 示
瘸	疒 加 内
瘼	疒 莫
瘾	疒 阝 心
瘿	疒 贝 女
癀	疒 龷 八
癃	疒 阝 龶
癌	疒 口 山
癍	疒 王 王
癔	疒 立 心
癖	疒 尸 辛
癜	疒 尸 殳
癞	疒 木 负
癣	疒 鱼 羊
癫	疒 十 页
癯	疒 目 隹
癸	癶 一 大
登	癶 一 <首上>
白	白
百	丆 日
皂	白 七
的	白 勹 丶
皆	比 白
皇	白 王
皈	白 反 反.1
皋	白 大 十
皎	白 亠 父
皑	白 山 己
皓	白 告
皖	白 宀 元
皙	木 斤 白
皤	白 丿 田
皮	皮
皱	<负上> 彐 皮
皲	冖 车 皮
皴	厶 夂 皮
皿	皿
盂	于 皿
盅	口 丨 皿
盆	分 皿
盈	乃 又 皿
益	<首上> 八 皿
盍	土 厶 皿
盎	央 皿
盏	一 戈 皿
盐	土 卜 皿
监	<临左> <半竹> 皿
盒	亼 口 皿
盔	<有上> 火 皿
盖	<美上> 皿
盗	冫 欠 皿
盘	舟 皿
盛	戊 亅 皿
盟	日 月 皿
盥	<臼裂> 水 皿
目	目
盯	目 丁
盱	目 于
盲	亡 目
直	十 <具上>
相	木 目
盹	目 七 凵
盼	目 分
盾	<反框> 十 目
省	少 目
眄	目 一 亅
眇	目 少
眈	目 <巾变> 乚
眉	<声下> 目
看	龵 目
眍	目 匚 乂
眙	目 厶 口
眚	丿 龶 目
真	十 <具上> 八
眠	目 巳 七
眢	夕 㔾 目
眦	目 止 匕
眨	目 丿 之
眩	目 玄
眭	目 圭
眯	目 米
眵	目 夕 夕
眶	目 匚 王
眷	龹 目
眸	目 厶 牛
眺	目 <兆左> <兆右>
眼	目 艮
着	<差上> 目
睁	目 <负上> 亅
睃	目 厶 夂
睇	目 丷 弓
睐	目 未 丷
睑	目 亼 <应下>
睚	目 厂 圭
睛	目 青
睡	目 千 <垂下>
睢	目 隹
督	<卓上> 又 目
睥	目 卑 卑.1
睦	目 土 土
睨	目 臼 儿
睫	目 一 <足下>
睬	目 爫 木
睹	目 者
睽	目 癶 大
睾	丿 罒 十
睿	<卓上> 冖 目
瞀	龴 攵 目
瞄	目 艹 田
瞅	目 禾 火
瞌	目 土 皿
瞍	目 叟
瞎	目 宀 口
瞑	目 冖 八
瞒	目 艹 两
瞟	目 覀 示
瞠	目 <赏上> 土
瞢	艹 罒 目
瞥	丷 攵 目
瞧	目 焦
瞩	目 尸 冂
瞪	目 癶 <首上>
瞬	目 爫 <舛右>
瞰	目 乛 攵
瞳	目 立 里
瞵	目 米 <舛右>
瞻	目 <负上> 言
瞽	吉 十 目
瞿	目 目 隹
矍	目 目 又
矗	十 <具上> <具上>
矛	龴 <矛下>
矜	龴 <矛下> 乛
矢	矢
矣	厶 矢
知	矢 口
矧	矢 弓 丨
矩	矢 匚 <右框>
矫	矢 丿 <齐下>
矬	矢 人 土
短	矢 一 <首上>
矮	矢 禾 女
石	石
矶	石 几
矸	石 干
矽	石 夕
矾	石 几 丶
矿	石 广
砀	石 <乃上> <两撇>
码	石 马
砂	石 少
砉	丰 石
砌	石 七 刀
砍	石 欠
砑	石 一 <牙下>
砒	石 比
研	石 一 廾
砖	石 二 <专下>
砗	石 车
砘	石 七 凵
砚	石 见
砜	石 风
砝	石 土 厶
砟	石 乍
砣	石 宀 匕
砥	石 <卬左> 七
砦	止 匕 石
砧	石 占 占.1
砩	石 弓 <齐下>
砬	石 立
砭	石 丿 之
砰	石 干 丷
破	石 皮
砷	石 日 丨
砸	石 匚 巾
砹	石 艹 乂
砺	石 厂 亅
砻	龙 石
砼	石 人 工
砾	石 <卬左> 小
础	石 出
硅	石 圭
硇	石 <囱框> 乂
硌	石 各
硎	石 一 刂
硐	石 冂 一
硒	石 西
硕	石 页
硖	石 夫 丷
硗	石 <尧上> 儿
硝	石 <肖上> 冃
硪	石 手 戈
硫	石 <充上> <流角>
硬	石 丈 日
硭	石 艹 亡
确	石 <负上> 用
硷	石 亼 <应下>
硼	石 月 月
碇	石 宀 <足下>
碉	石 <周框> 土
碌	石 <录上> 水
碍	石 日 寸
碎	石 亠 十
碑	石 卑 卑.1
碓	石 隹
碗	石 宀 㔾
碘	石 冂 八
碚	石 立 口
碛	石 龶 贝
碜	石 厶 彡
碟	石 世 木
碡	石 龶 母
碣	石 日 勹
碥	石 户 冊
碧	王 白 石
碰	石 <首上> 业
碱	石 戊 一
碲	石 <旁上> 巾
碳	石 山 火
碴	石 木 一
碹	石 宀 一
碾	石 尸 <辰下>
磁	石 <首上> 幺
磅	石 <旁上> 方
磉	石 又 木
磊	石 石 石
磋	石 <差上> 工
磐	舟 殳 石
磔	石 <舛右> 木
磕	石 土 皿
磙	石 衣 八
磨	广 林 石
磬	声 殳 石
磲	石 匚 木
磴	石 癶 <首上>
磷	石 米 <舛右>
磺	石 龷 八
礁	石 焦
礅	石 <享上> 攵
礓	石 一 一
礞	石 <营上> <豕下>
礤	石 艹 示
礴	石 <艹氵> 寸
示	示
礻	礻
礼	礻 乚
社	礻 土
祀	礻 巳
祁	礻 阝
祆	礻 一 大
祈	礻 斤
祉	礻 止
祓	礻 犮
祖	礻 且
祗	礻 <卬左> 七
祚	礻 乍
祛	礻 土 厶
祜	礻 古
祝	礻 口 儿
神	礻 日 丨
祟	出 示
祠	礻 亅 一
祢	礻 <负上> 小
祥	礻 羊
祧	礻 <兆左> <兆右>
票	覀 示
祭	<祭上> 示
祯	礻 <卓上> 贝
祷	礻 <丰变> 寸
祸	礻 口 内
祺	礻 其
禀	亠 囗 示
禁	林 示
禄	礻 <录上> 水
禅	礻 丷 十
禊	礻 刀 大
福	礻 畐
禚	礻 <美上> 灬
禧	礻 吉 口
禳	礻 衣 口
禹	丿 虫 冂
禺	甲 冂 一
离	文 凵 冂
禽	人 文 冂
禾	禾
秀	禾 乃
私	禾 厶
秃	禾 几
秆	禾 干
秉	禾 <秉中>
秋	禾 火
种	禾 口 丨
科	禾 斗
秒	禾 少
秕	禾 比
秘	禾 心 丿
租	禾 且
秣	禾 末
秤	禾 干 丷
秦	<春上> 禾
秧	禾 央
秩	禾 失
秫	禾 木 丶
秭	禾 丿 <亏下>
积	禾 口 八
称	禾 <负上> 小
秸	禾 吉
移	禾 夕 夕
秽	禾 山 夕
稀	禾 乂 巾
稂	禾 丶 艮
稃	禾 爫 子
稆	禾 口 口
程	禾 口 王
稍	禾 <肖上> 冃
税	禾 丷 儿
稔	禾 亽 心
稗	禾 卑 卑.1
稚	禾 隹
稞	禾 日 木
稠	禾 <周框> 土
稣	鱼 禾
稳	禾 <负上> 心
稷	禾 田 夂
稹	禾 十 八
稻	禾 爫 臼
稼	禾 宀 豕
稽	禾 丶 日
稿	禾 高
穆	禾 白 彡
穑	禾 十 囗
穗	禾 士 心
穰	禾 衣 口
穴	穴
究	穴 九
穷	穴 力
穸	穴 夕
穹	穴 弓
空	穴 工
穿	穴 一 <牙下>
窀	穴 七 凵
突	穴 大 丶
窃	穴 七 刀
窄	穴 乍
窆	穴 丿 之
窈	穴 幺 力
窍	穴 工 丂
窑	穴 缶
窒	穴 一 土
窕	穴 <兆左> <兆右>
窖	穴 告
窗	穴 <囱框> 夂
窘	穴 丿 口
窜	穴 口 丨
窝	穴 口 内
窟	穴 尸 出
窠	穴 日 木
窥	穴 夫 见
窦	穴 十 头
窨	穴 立 日
窬	穴 亼 <前下>
窭	穴 米 女
窳	穴 瓜 瓜
窿	穴 阝 龶
立	立
竖	<临左> 又 立
站	立 占 占.1
竞	立 口 儿
竟	竟
章	章
竣	立 厶 夂
童	立 里
竦	立 木 口
竭	立 日 勹
端	立 山 <而下>
竹	竹
竺	<竹头> 二
竽	<竹头> 于
竿	<竹头> 干
笃	<竹头> 马
笄	<竹头> 一 廾
笆	<竹头> 巴
笈	<竹头> 及
笊	<竹头> 爪
笋	<竹头> <秉中> 丿
笏	<竹头> 勹 <两撇>
笑	<竹头> 丿 大
笔	<竹头> 毛
笕	<竹头> 见
笙	<竹头> 丿 龶
笛	<竹头> 由
笞	<竹头> 厶 口
笠	<竹头> 立
笤	<竹头> 召
笥	<竹头> 亅 口
符	<竹头> 亻 寸
笨	<竹头> 木 一
笪	<竹头> 日 一
笫	<竹头> <亏下> 丿
第	<竹头> 弓 丿
笮	<竹头> 乍
笱	<竹头> 勹 口
笳	<竹头> 加
笸	<竹头> 匚 口
笺	<竹头> 一 戈
笼	<竹头> 龙
笾	<竹头> 力 辶
筅	<竹头> <告上> 儿
筇	<竹头> 工 阝
等	<竹头> 土 寸
筋	<竹头> 月 力
筌	<竹头> 全
筏	<竹头> 亻 戈
筐	<竹头> 匚 王
筑	<竹头> 工 几
筒	<竹头> 冂 一
答	<竹头> 亼 口
策	<竹头> 木 冂
筘	<竹头> 扌 口
筚	<竹头> 比 十
筛	<竹头> <归左> 巾
筝	<竹头> <负上> 亅
筠	<竹头> 土 勹
筢	<竹头> 扌 巴
筮	<竹头> 工 人
筱	<竹头> 亻 攵
筲	<竹头> <肖上> 冃
筵	<竹头> 丿 廴
筷	<竹头> 忄 夬
筹	<竹头> <丰变> 寸
筻	<竹头> 丈 日
签	<竹头> 亼 <应下>
简	<竹头> 门 日
箅	<竹头> 田 丌
箍	<竹头> 扌 匚
箐	<竹头> 青
箔	<竹头> 氵 白
箕	<竹头> 其
算	<竹头> 目 廾
箜	<竹头> 穴 工
箝	<竹头> 扌 廿
管	<竹头> 宀 <官下>
箢	<竹头> 夕 㔾
箦	<竹头> 龶 贝
箧	<竹头> 匚 夫
箨	<竹头> 扌 <举下>
箩	<竹头> 罒 夕
箪	<竹头> 丷 十
箫	<竹头> <秉中> <肃下>
箬	<竹头> <有上> 口
箭	<竹头> <首上> <前下>
箱	<竹头> 木 目
箴	<竹头> 戊 一
箸	<竹头> 者
篁	<竹头> 白 王
篆	<竹头> 彑 <豕下>
篇	<竹头> 户 冊
篌	<竹头> 亻 矢
篑	<竹头> 贵
篓	<竹头> 米 女
篙	<竹头> 高
篚	<竹头> 匚 非
篝	<竹头> <冓上> 冂
篡	<竹头> 目 厶
篥	<竹头> 覀 木
篦	<竹头> <囱框> 比
篪	<竹头> <反框> 几
篮	<竹头> <临左> 皿
篱	<竹头> 文 冂
篷	<竹头> 夂 辶
篼	<竹头> 白 儿
篾	<竹头> 罒 戊
簇	<竹头> <旗角> 矢
簋	<竹头> 艮 皿
簌	<竹头> 木 欠
簏	<竹头> <鹿上> 比
簖	<竹头> 乚 斤
簟	<竹头> 覀 十
簦	<竹头> 癶 <首上>
簧	<竹头> 龷 八
簪	<竹头> 旡 日
簸	<竹头> 其 皮
簿	<竹头> 氵 寸
籀	<竹头> 扌 田
籁	<竹头> 木 负
籍	<竹头> 耒 日
米	米
籴	丿 丶 米
类	米 大
籼	米 山
籽	米 子
粉	米 分
粑	米 巴
粒	米 立
粕	米 白
粗	米 且
粘	米 占 占.1
粜	出 米
粝	米 厂 亅
粞	米 西
粟	覀 米
粢	冫 欠 米
粤	<囱框> 米 丂
粥	弓 米 弓
粪	米 龷 八
粮	米 丶 艮
粱	氵 刀 米
粲	<卓上> 又 米
粳	米 丈 日
粹	米 亠 十
粼	米 夕 <粼右>
粽	米 宀 示
精	米 青
糁	米 厶 彡
糅	米 龴 木
糇	米 <候角> 矢
糈	米 乛 冃
糊	米 古 月
糌	米 卜 日
糍	米 <首上> 幺
糕	米 <美上> 灬
糖	米 广 口
糗	米 丿 大
糙	米 告 辶
糜	广 林 米
糟	米 <曹上> 日
糠	米 广 水
糨	米 弓 虽
糯	米 <雨头> <而下>
糸	幺 小
系	丿 幺 小
紊	文 幺 小
素	龶 幺 小
索	十 冖 小
紧	<临左> 又 小
紫	止 匕 小
累	田 幺 小
絮	女 口 小
絷	执 执.1 小
綦	其 幺 小
綮	户 攵 小
縻	广 林 小
繁	<卧人> 攵 小
繇	爫 缶 小
纂	<竹头> 目 小
纛	龶 小 小
纟	纟
纠	纟 丩
纡	纟 于
红	纟 工
纣	纟 寸
纤	纟 千
纥	纟 <卧人> 乙
约	纟 勹 丶
级	纟 及
纨	纟 九 丶
纩	纟 广
纪	纟 己
纫	纟 刀 丶
纬	纟 二 <韦下>
纭	纟 云
纯	纟 七 凵
纰	纟 比
纱	纟 少
纲	纟 冂 乂
纳	纟 内
纵	纟 人 人
纶	纟 人 匕
纷	纟 分
纸	纟 <卬左> 七
纹	纟 文
纺	纟 方
纽	纟 丑
纾	纟 龴 <予下>
线	纟 一 戈
绀	纟 廿 一
绁	纟 世
绂	纟 犮
练	纟 七 <拣角>
组	纟 且
绅	纟 日 丨
细	纟 田
织	纟 口 八
终	纟 夂 <冬下>
绉	纟 <负上> 彐
绊	纟 半
绋	纟 弓 <齐下>
绌	纟 出
绍	纟 召
绎	纟 又 <举下>
经	纟 <经角> 工
绐	纟 厶 口
绑	纟 <丰变> 阝
绒	纟 戈 <有上>
结	纟 吉
绔	纟 大 <亏下>
绕	纟 <尧上> 儿
绗	纟 彳 亍
绘	纟 人 云
给	纟 亼 口
绚	纟 勹 日
绛	纟 夂 <舛右>
络	纟 各
绝	纟 <负上> 巴
绞	纟 亠 父
统	纟 <充上> 儿
绠	纟 丈 日
绡	纟 <肖上> 冃
绢	纟 口 冃
绣	纟 禾 乃
绥	纟 爫 女
绦	纟 夂 朩
继	纟 米 乚
绨	纟 丷 弓
绩	纟 龶 贝
绪	纟 者
绫	纟 土 夂
续	纟 十 头
绮	纟 大 可
绯	纟 非
绰	纟 <卓上> 十
绱	纟 尚
绲	纟 日 比
绳	纟 口 乚
维	纟 隹
绵	纟 白 巾
绶	纟 受
绷	纟 月 月
绸	纟 <周框> 土
绺	纟 卜 口
绻	纟 龹 㔾
综	纟 宀 示
绽	纟 宀 <足下>
绾	纟 宀 <官下>
绿	纟 <录上> 水
缀	纟 又 又
缁	纟 巛 田
缂	纟 革
缃	纟 木 目
缄	纟 戊 一
缅	纟 丆 罒
缆	纟 <半竹> 见
缇	纟 日 <足下>
缈	纟 目 少
缉	纟 口 耳
缋	纟 贵
缌	纟 田 心
缍	纟 千 <垂下>
缎	纟 <段左> 殳
缏	纟 亻 丈
缑	纟 <候角> 矢
缒	纟 <阜上> 辶
缓	纟 爫 又
缔	纟 <旁上> 巾
缕	纟 米 女
编	纟 户 冊
缗	纟 巳 日
缘	纟 彑 <豕下>
缙	纟 亚 日
缚	纟 甫 寸
缛	纟 厂 寸
缜	纟 十 八
缝	纟 夂 辶
缟	纟 高
缠	纟 广 里
缡	纟 文 冂
缢	纟 <首上> 皿
缣	纟 <首上> <兼末>
缤	纟 穴 丘
缥	纟 覀 示
缦	纟 日 又
缧	纟 田 小
缨	纟 贝 女
缩	纟 宀 日
缪	纟 羽 彡
缫	纟 巛 木
缬	纟 吉 页
缭	纟 大 小
缮	纟 羊 口
缯	纟 丷 日
缰	纟 一 一
缱	纟 <贵上> 辶
缲	纟 口 木
缳	纟 罒 <衣下>
缴	纟 白 攵
缵	纟 <告上> 贝
缶	缶
缸	缶 工
缺	缶 夬
罂	贝 贝 缶
罄	声 殳 缶
罅	缶 虍 <于下>
罐	缶 艹 隹
网	冂 乂 乂
罔	冂 <首上> 亡
罕	㓁 干
罗	罒 夕
罘	罒 不
罚	罒 讠 刂
罟	罒 古
罡	罒 一 止
罢	罒 土 厶
罨	罒 大 乚
罩	罒 <卓上> 十
罪	罒 非
置	罒 十 <具上>
罱	罒 <南上> <首上>
署	罒 者
罴	罒 土 灬
罹	罒 忄 隹
罾	罒 丷 日
羁	罒 革 马
羊	羊
羌	<差上> 乚
美	<美上> 大
羔	<美上> 灬
羚	<差上> 亽 龴
羝	<差上> <卬左> 七
羞	<差上> 丑
羟	<差上> <经角> 工
羡	<美上> 冫 欠
群	<秉中> 丿 羊
羧	<差上> 厶 夂
羯	<差上> 日 勹
羰	<差上> 山 火
羲	<美上> 丂 戈
羸	<赢框> <赢框>.1 羊
羹	<美上> 灬 大
羼	尸 羊 羊
羽	羽
羿	羽 廾
翁	八 厶 羽
翅	十 又 羽
翊	立 羽
翌	羽 立
翎	亽 龴 羽
翔	<差上> 羽
翕	亼 口 羽
翘	<尧上> 儿 羽
翟	羽 隹
翠	羽 亠 十
翡	非 羽
翥	者 羽
翦	<首上> <前下> 羽
翩	户 冊 羽
翮	一 冂 羽
翰	十 十 羽
翱	白 十 羽
翳	匚 殳 羽
翻	丿 田 羽
翼	羽 田 八
耀	<肖上> 儿 隹
老	耂 匕
考	耂 丂
耄	耂 匕 毛
者	者
耆	耂 匕 日
耋	耂 匕 土
而	丆 <而下>
耍	丆 <而下> 女
耐	丆 <而下> 寸
耒	耒
耔	耒 子
耕	耒 井
耖	耒 少
耗	耒 毛
耘	耒 云
耙	耒 巴
耜	耒 <官下>
耠	耒 亼 口
耢	耒 <营上> 力
耥	耒 尚
耦	耒 甲 冂
耧	耒 米 女
耨	耒 厂 寸
耩	耒 <冓上> 冂
耪	耒 <旁上> 方
耱	耒 广 石
耳	耳
耵	耳 丁
耶	耳 阝
耷	大 耳
耸	人 人 耳
耻	耳 止
耽	耳 <巾变> 乚
耿	耳 火
聂	耳 又 又
聃	耳 冂 土
聆	耳 亽 龴
聊	耳 <卯左> 卩
聋	龙 耳
职	耳 口 八
聍	耳 宁
聒	耳 舌
联	耳 丷 大
聘	耳 由 丂
聚	耳 又 乑
聩	耳 贵
聪	耳 丷 心
聱	敖 耳
聿	<秉中> <举下>
肀	<秉中> 丨
肃	<秉中> <肃下>
肄	匕 矢 <举下>
肆	<镸上> 厶 <举下>
肇	户 攵 <举下>
肉	内 人
肋	月 力
肌	月 几
肓	亡 冃
肖	<肖上> 冃
肘	月 寸
肚	月 土
肛	月 工
肜	月 彡
肝	月 干
肟	月 二 <亏下>
肠	月 <乃上> <两撇>
股	月 殳
肢	月 十 又
肤	月 夫
肥	月 巴
肩	户 冃
肪	月 方
肫	月 七 凵
肭	月 内
肮	月 亠 几
肯	止 冃
肱	月 <有上> 厶
育	<充上> 冃
肴	乂 <有上> 冃
肷	月 欠
肺	月 一 巾
肼	月 井
肽	月 大 丶
肾	<临左> 又 冃
肿	月 口 丨
胀	月 长
胁	月 力 八
胂	月 日 丨
胃	田 冃
胄	由 冃
胆	月 日 一
背	<北左> 匕 冃
胍	月 瓜
胎	月 厶 口
胖	月 半
胗	月 人 彡
胙	月 乍
胚	月 不 一
胛	月 甲
胜	月 丿 龶
胝	月 <卬左> 七
胞	月 包
胡	古 月
胤	儿 幺 月
胥	乛 <足下> 冃
胧	月 龙
胨	月 <东上> 小
胩	月 <卓上> 下
胪	月 <卓上> 尸
胫	月 <经角> 工
胬	女 又 内
胭	月 囗 大
胯	月 大 <亏下>
胰	月 大 弓
胱	月 <肖上> 儿
胲	月 亥
胳	月 各
胴	月 冂 一
胶	月 亠 父
胸	月 勹 乂
胺	月 安 安.1
胼	月 <首上> 廾
能	厶 冃 匕
脂	月 匕 日
脆	月 <负上> 㔾
脉	月 丶 <永下>
脊	<脊左> <脊右> 月
脍	月 人 云
脎	月 乂 朩
脏	月 广 土
脐	月 文 <齐下>
脑	月 文 凵
脒	月 米
脓	月 <巾变> <辰下>
脔	<变上> 内 人
脖	月 十 子
脘	月 宀 元
脚	月 土 卩
脞	月 人 土
脬	月 爫 子
脯	月 甫
脱	月 丷 儿
脲	月 尸 水
脶	月 口 内
脸	月 亼 <应下>
脾	月 卑 卑.1
腆	月 冂 八
腈	月 青
腊	月 龷 日
腋	月 亠 夂
腌	月 大 乚
腐	广 亻 内
腑	月 广 寸
腓	月 非
腔	月 穴 工
腕	月 宀 㔾
腙	月 宀 示
腚	月 宀 <足下>
腠	月 <春上> 大
腥	月 日 龶
腧	月 亼 <前下>
腩	月 <南上> <首上>
腭	月 口 <亏下>
腮	月 田 心
腰	月 覀 女
腱	月 <秉中> 廴
腴	月 臼 人
腹	月 <卧人> 夂
腺	月 白 水
腻	月 弋 二
腼	月 丆 罒
腽	月 日 皿
腾	月 龹 马
腿	月 艮 辶
膀	月 <旁上> 方
膂	<旗角> 丿 冃
膈	月 一 冂
膊	月 甫 寸
膏	高 月
膑	月 穴 丘
膘	月 覀 示
膛	月 <赏上> 土
膜	月 莫
膝	月 木 氺
膣	月 穴 土
膦	月 米 <舛右>
膨	月 吉 彡
膪	月 <旁上> 口
膳	月 羊 口
膺	广 亻 冃
膻	月 亠 一
臀	尸 殳 冃
臁	月 广 <兼末>
臂	尸 辛 冃
臃	月 亠 隹
臆	月 立 心
臊	月 口 木
臌	月 十 又
臣	匚 丨 <右框>
臧	戊 乚 丆
自	丿 目
臬	丿 目 木
臭	丿 目 大
至	一 厶 土
致	一 土 攵
臻	一 土 禾
臼	臼
臾	臼 人
舀	爫 臼
舁	臼 廾
舂	<春上> 臼
舄	臼 勹 灬
舅	臼 田 力
舆	<臼裂> 车 八
舌	舌
舍	亼 古
舐	舌 <卬左> 七
舒	亼 古 <予下>
舔	舌 一 <恭下>
舛	夕 <舛右>
舜	爫 夕 <舛右>
舞	<卧人> 夕 <舛右>
舟	舟
舡	舟 工
舢	舟 山
舣	舟 丶 乂
舨	舟 反 反.1
航	舟 亠 几
舫	舟 方
般	舟 殳
舭	舟 比
舯	舟 口 丨
舰	舟 见
舱	舟 仓
舳	舟 由
舴	舟 乍
舵	舟 宀 匕
舶	舟 白
舷	舟 玄
舸	舟 可
船	舟 几 口
舻	舟 <卓上> 尸
舾	舟 西
艄	舟 <肖上> 冃
艇	舟 壬 廴
艉	舟 尸 毛
艋	舟 子 皿
艏	舟 <首上> 目
艘	舟 叟
艚	舟 <曹上> 日
艟	舟 立 里
艨	舟 <营上> <豕下>
艮	艮
良	丶 艮
艰	又 艮
色	<负上> 巴
艳	丰 <负上> 巴
艴	弓 <齐下> 巴
艹	艹
艺	艹 乙
艽	艹 九
艾	艹 乂
艿	艹 乃
节	艹 <节下>
芄	艹 九 丶
芈	丨 一 <举下>
芊	艹 千
芋	艹 于
芍	艹 勹 丶
芎	艹 弓
芏	艹 土
芑	艹 己
芒	艹 亡
芗	艹 <乡上> 丿
芘	艹 比
芙	艹 夫
芜	艹 <干变> 乚
芝	艹 之
芟	艹 殳
芡	艹 欠
芤	艹 子 乚
芥	艹 人 <齐下>
芦	艹 户
芨	艹 及
芩	艹 亽 乛
芪	艹 <卬左> 七
芫	艹 元
芬	艹 分
芭	艹 巴
芮	艹 内
芯	艹 心
芰	艹 十 又
花	艹 亻 <化右>
芳	艹 方
芴	艹 勹 <两撇>
芷	艹 止
芸	艹 云
芹	艹 斤
芽	艹 一 <牙下>
芾	艹 一 巾
苁	艹 人 人
苄	艹 亠 卜
苇	艹 二 <韦下>
苈	艹 厂 力
苊	艹 厂 㔾
苋	艹 见
苌	艹 长
苍	艹 仓
苎	<艹宀> 一
苏	艹 力 八
苑	艹 夕 㔾
苒	艹 冂 土
苓	艹 亽 龴
苔	艹 厶 口
苕	艹 召
苗	艹 田
苘	艹 冂 口
苛	艹 可
苜	艹 目
苞	艹 包
苟	艹 勹 口
苠	艹 巳 七
苡	艹 以
苣	艹 匚 <右框>
苤	艹 不 一
若	艹 <有上> 口
苦	艹 古
苫	艹 占 占.1
苯	艹 木 一
英	艹 央
苴	艹 且
苷	艹 廿 一
苹	艹 干 丷
苻	艹 亻 寸
茁	艹 出
茂	艹 戊
范	<艹氵> 㔾
茄	艹 加
茅	艹 龴 <矛下>
茆	艹 <卯左> 卩
茇	艹 犮
茈	艹 止 匕
茉	艹 末
茌	艹 亻 士
茎	艹 <经角> 工
茏	艹 龙
茑	艹 鸟
茔	<营上> 土
茕	<营上> 乙 十
茗	艹 夕 口
茚	艹 <印左> 卩
茛	艹 艮
茜	艹 西
茧	艹 虫
茨	艹 冫 欠
茫	<艹氵> 亡
茬	艹 <在角> 土
茭	艹 亠 父
茯	艹 亻 大
茱	艹 朱
茳	<艹氵> 工
茴	艹 囗 口
茵	艹 囗 大
茶	艹 人 朩
茸	艹 耳
茹	艹 女 口
茺	艹 <充上> 儿
茼	艹 冂 一
荀	艹 勹 日
荃	艹 全
荆	艹 廾 刂
荇	艹 彳 亍
草	艹 日 十
荏	艹 亻 壬
荐	艹 <在角> 子
荑	艹 大 弓
荒	艹 亡 <流角>
荔	艹 力 力
荚	艹 夫 丷
荛	艹 <尧上> 儿
荜	艹 比 十
荞	艹 丿 <齐下>
荟	艹 人 云
荠	艹 文 <齐下>
荡	<艹氵> <乃上> <两撇>
荣	<营上> 木
荤	<营上> 车
荥	<营上> 水
荦	<营上> 牛
荧	<营上> 火
荨	艹 彐 寸
荩	艹 尺 <冬下>
荪	艹 子 小
荫	艹 阝 月
荬	艹 乛 头
荭	艹 纟 工
荮	艹 纟 寸
药	艹 纟 勹
荷	艹 亻 可
荸	艹 十 子
荻	艹 犭 火
荼	艹 余
荽	艹 爫 女
莅	艹 亻 立
莆	艹 甫
莉	艹 禾 刂
莎	<艹氵> 少
莒	艹 口 口
莓	艹 <卧人> 母
莘	艹 辛
莛	艹 壬 廴
莜	艹 亻 攵
莞	<艹宀> 元
莠	艹 禾 乃
莨	艹 丶 艮
莩	艹 爫 子
莪	艹 手 戈
莫	莫
莰	艹 土 欠
莱	艹 未 丷
莲	艹 车 辶
莳	艹 日 寸
莴	艹 口 内
莶	艹 亼 <应下>
获	艹 犭 大
莸	艹 犭 尢
莹	<营上> 王 丶
莺	<营上> 鸟
莼	艹 纟 七
莽	艹 大 廾
菀	<艹宀> 夕 㔾
菁	艹 青
菅	<艹宀> <官下>
菇	艹 女 古
菊	艹 勹 米
菌	艹 囗 禾
菏	<艹氵> 可
菔	艹 月 又
菖	艹 日 日
菘	艹 木 厶
菜	艹 爫 木
菝	艹 扌 犮
菟	艹 兔
菠	<艹氵> 皮
菡	艹 乛 凵
菥	艹 木 斤
菩	艹 立 口
菪	<艹宀> 石
菰	艹 子 瓜
菱	艹 土 夂
菲	艹 非
菸	艹 方 <冬下>
菹	<艹氵> 且
菽	艹 小 又
萁	艹 其
萃	艹 亠 十
萄	艹 勹 缶
萆	艹 卑 卑.1
萋	艹 十 女
萌	艹 日 月
萍	<艹氵> 干 丷
萎	艹 禾 女
萏	艹 <负上> 臼
萑	艹 隹
萘	艹 大 示
萜	艹 巾 占
萝	艹 罒 夕
萤	<营上> 虫
营	<营上> 口 口
萦	<营上> 幺 小
萧	艹 <秉中> <肃下>
萨	艹 阝 丿
萱	<艹宀> 一 一
萸	艹 臼 人
萼	艹 口 <亏下>
落	<艹氵> 各
葆	艹 亻 木
葑	艹 圭 寸
著	艹 者
葙	艹 木 目
葚	艹 其 乚
葛	艹 勹 乚
葜	艹 丰 大
葡	艹 勹 甫
董	艹 千 里
葩	艹 白 巴
葫	艹 古 月
葬	艹 歹 廾
葭	艹 丨 又
葱	艹 勹 心
葳	艹 戊 一
葵	艹 癶 大
葶	艹 <亮上> 丁
葸	艹 田 心
葺	艹 口 耳
蒂	艹 <旁上> 巾
蒇	艹 戊 贝
蒈	艹 比 白
蒉	艹 贵
蒋	艹 丬 寸
蒌	艹 米 女
蒎	<艹氵> <反框> <辰下>
蒗	<艹氵> 丶 艮
蒙	<营上> 二 <豕下>
蒜	艹 示 示
蒡	艹 <旁上> 方
蒯	艹 月 刂
蒲	<艹氵> 甫
蒴	艹 <屮变> 月
蒸	艹 乛 灬
蒹	艹 <首上> <兼末>
蒺	艹 疒 矢
蒽	艹 囗 心
蒿	艹 高
蓁	艹 <春上> 禾
蓄	艹 玄 田
蓉	<艹宀> 谷
蓊	艹 八 羽
蓍	艹 耂 日
蓐	艹 厂 寸
蓑	艹 衣 <衰中>
蓓	艹 亻 口
蓖	艹 <囱框> 比
蓝	艹 <临左> 皿
蓟	艹 鱼 刂
蓠	艹 文 冂
蓣	艹 <予下> 页
蓥	<营上> 金
蓦	莫 马
蓬	艹 夂 辶
蓰	艹 彳 <足下>
蓼	艹 羽 彡
蓿	<艹宀> 亻 日
蔌	艹 木 欠
蔑	艹 罒 戊
蔓	艹 日 又
蔗	艹 广 灬
蔚	艹 尸 寸
蔟	艹 <旗角> 矢
蔡	艹 <祭上> 示
蔫	艹 <亏下> 灬
蔬	艹 止 <流角>
蔷	艹 十 囗
蔸	艹 白 儿
蔹	艹 <应下> 攵
蔺	艹 门 隹
蔻	<艹宀> 元 <卓上>
蔼	艹 讠 勹
蔽	艹 巾 攵
蕃	艹 丿 田
蕈	艹 覀 十
蕉	艹 焦
蕊	艹 心 心
蕖	<艹氵> 匚 木
蕙	艹 士 心
蕞	艹 耳 又
蕤	艹 豕 丿
蕨	艹 厂 欠
蕲	艹 十 斤
蕴	艹 纟 皿
蕹	艹 丿 隹
蕺	艹 耳 戈
蕻	艹 厶 八
蕾	艹 <雨头> 田
薄	<艹氵> 甫 寸
薅	艹 女 寸
薇	艹 <微框> <微框>.1
薏	艹 立 心
薛	艹 <阜上> 辛
薜	艹 尸 辛
薤	艹 歹 一
薨	艹 歹 匕
薪	艹 亲 斤
薮	艹 女 攵
薯	艹 罒 者
薰	艹 千 黑
薷	艹 <雨头> <而下>
薹	艹 吉 土
藁	艹 高 木
藉	艹 耒 日
藏	艹 戊 丆
藐	艹 豸 儿
藓	艹 鱼 羊
藕	艹 耒 冂
藜	艹 禾 氺
藤	艹 月 氺
藩	<艹氵> 丿 田
藻	<艹氵> 氵 木
藿	艹 <雨头> 隹
蘅	艹 彳 亍
蘑	艹 广 石
蘖	艹 <阜上> 木
蘧	艹 虍 辶
蘩	艹 <卧人> 小
蘸	艹 酉 焦
蘼	艹 广 非
虍	虍
虎	虍 几
虏	虍 力
虐	虍 <虐下>
虑	虍 心
虔	虍 文
虚	虍 业
虞	虍 口 大
虢	爫 寸 几
虫	虫
虬	虫 乚
虮	虫 几
虱	乙 丿 虫
虹	虫 工
虺	一 儿 虫
虻	虫 亡
虼	虫 <卧人> 乙
虽	虽
虾	虫 下
虿	丆 亅 虫
蚀	饣 虫
蚁	虫 丶 乂
蚂	虫 马
蚊	虫 文
蚋	虫 内
蚌	虫 丰
蚍	虫 比
蚓	虫 弓 丨
蚕	一 大 虫
蚜	虫 一 <牙下>
蚝	虫 毛
蚣	虫 八 厶
蚤	又 丶 虫
蚧	虫 人 <齐下>
蚨	虫 夫
蚩	屮 一 虫
蚪	虫 斗
蚬	虫 见
蚯	虫 丘
蚰	虫 由
蚱	虫 乍
蚴	虫 幺 力
蚵	虫 可
蚶	虫 廿 一
蚺	虫 冂 土
蛀	虫 主
蛄	虫 古
蛆	虫 且
蛇	虫 宀 匕
蛉	虫 亽 龴
蛊	虫 皿
蛋	乛 <足下> 虫
蛎	虫 厂 亅
蛏	虫 又 土
蛐	虫 日 <临左>
蛑	虫 厶 牛
蛔	虫 囗 口
蛘	虫 羊
蛙	虫 圭
蛛	虫 朱
蛞	虫 舌
蛟	虫 亠 父
蛤	虫 亼 口
蛩	工 几 虫
蛭	虫 一 土
蛮	<变上> 虫
蛰	执 执.1 虫
蛱	虫 夫 丷
蛲	虫 <尧上> 儿
蛳	虫 一 巾
蛴	虫 文 <齐下>
蛸	虫 <肖上> 冃
蛹	虫 龴 <甬下>
蛾	虫 手 戈
蜀	罒 勹 虫
蜂	虫 夂 丰
蜃	厂 <辰内> 虫
蜇	扌 斤 虫
蜈	虫 口 大
蜉	虫 爫 子
蜊	虫 禾 刂
蜍	虫 余
蜒	虫 丿 廴
蜓	虫 壬 廴
蜕	虫 丷 儿
蜗	虫 口 内
蜘	虫 矢 口
蜚	非 虫
蜜	宀 心 虫
蜞	虫 其
蜡	虫 龷 日
蜢	虫 子 皿
蜣	虫 <差上> 乚
蜥	虫 木 斤
蜩	虫 <周框> 土
蜮	虫 戈 口
蜱	虫 卑 卑.1
蜴	虫 日 勹
蜷	虫 龹 㔾
蜻	虫 青
蜾	虫 日 木
蜿	虫 宀 㔾
蝇	虫 口 乚
蝈	虫 囗 王
蝉	虫 丷 十
蝌	虫 禾 斗
蝎	虫 日 勹
蝓	虫 亼 <前下>
蝗	虫 白 王
蝙	虫 户 冊
蝠	虫 畐
蝣	虫 <旗角> 子
蝤	虫 酋
蝥	龴 攵 虫
蝮	虫 <卧人> 夂
蝰	虫 大 圭
蝴	虫 古 月
蝶	虫 世 木
蝻	虫 <南上> <首上>
蝼	虫 米 女
蝽	虫 <春上> 日
蝾	虫 <营上> 木
螂	虫 丶 阝
螃	虫 <旁上> 方
螅	虫 丿 心
螈	虫 厂 小
螋	虫 叟
融	一 冂 虫
螓	虫 <春上> 禾
螗	虫 广 口
螟	虫 冖 八
螨	虫 艹 两
螫	土 攵 虫
螬	虫 <曹上> 日
螭	虫 文 冂
螯	敖 虫
螳	虫 <赏上> 土
螵	虫 覀 示
螺	虫 田 小
螽	夂 虫 虫
蟀	虫 亠 十
蟆	虫 莫
蟊	龴 虫 虫
蟋	虫 丿 心
蟑	虫 章
蟒	虫 艹 廾
蟓	虫 象
蟛	虫 吉 彡
蟠	虫 丿 田
蟥	虫 龷 八
蟪	虫 士 心
蟮	虫 羊 口
蟹	<负上> 刀 虫
蟾	虫 <负上> 言
蠃	<赢框> <赢框>.1 虫
蠊	虫 广 <兼末>
蠓	虫 <营上> <豕下>
蠕	虫 <雨头> <而下>
蠖	虫 艹 又
蠛	虫 艹 戊
蠡	彑 虫 虫
蠢	<春上> 虫 虫
蠲	<首上> 皿 勹
蠹	十 虫 虫
蠼	虫 目 又
血	丿 皿
衄	丿 皿 丑
衅	丿 皿 半
行	彳 亍
衍	彳 氵 亍
衔	彳 钅 亍
街	彳 圭 亍
衙	彳 五 亍
衡	彳 <负上> 亍
衢	彳 目 亍
衣	衣
衤	衤
补	衤 卜
表	龶 <衣下>
衩	衤 又 丶
衫	衤 彡
衬	衤 寸
衮	衣 八 厶
衰	衣 <衰中>
衲	衤 内
衷	衣 口 丨
衽	衤 壬
衾	亽 乛 衣
衿	衤 亽 乛
袁	土 口 <衣下>
袂	衤 夬
袄	衤 丿 大
袅	<鸟上> 衣
袈	加 衣
袋	代 衣
袍	衤 包
袒	衤 日 一
袖	衤 由
袜	衤 末
袢	衤 半
袤	衣 龴 <矛下>
被	衤 皮
袭	龙 衣
袱	衤 大 丶
袷	衤 亼 口
袼	衤 各
裁	十 戈 衣
裂	歹 刂 衣
装	丬 士 衣
裆	衤 <肖上> 彐
裉	衤 艮
裎	衤 口 王
裒	衣 臼
裔	衣 冂 八
裕	衤 谷
裘	<求架> 丶 衣
裙	衤 <秉中> 口
裟	氵 少 衣
裢	衤 车 辶
裣	衤 亼 <应下>
裤	衤 广 车
裥	衤 门 日
裨	衤 卑 卑.1
裰	衤 又 又
裱	衤 龶 <衣下>
裳	<赏上> 衣
裴	非 衣
裸	衤 日 木
裹	衣 日 木
裼	衤 日 勹
裾	衤 尸 古
褂	衤 圭 卜
褊	衤 户 冊
褐	衤 日 勹
褒	衣 亻 口
褓	衤 口 木
褙	衤 匕 冃
褚	衤 者
褛	衤 米 女
褡	衤 艹 口
褥	衤 厂 寸
褪	衤 艮 辶
褫	衤 <反框> 几
褰	宀 <井变> 衣
褴	衤 <半竹> 皿
褶	衤 羽 白
襁	衤 弓 虽
襄	衣 口 口
襞	尸 辛 衣
襟	衤 林 示
襦	衤 <雨头> <而下>
襻	衤 木 手
西	西
要	覀 女
覃	覀 日 十
覆	覀 彳 夂
见	见
观	又 见
规	夫 见
觅	爫 见
视	礻 见
觇	占 占.1 见
览	<临左> <半竹> 见
觉	<学上> 见
觊	山 己 见
觋	工 人 见
觌	十 头 见
觎	亼 <前下> 见
觏	<冓上> 冂 见
觐	廿 龶 见
觑	虍 业 见
角	<负上> 用
觖	<负上> 用 夬
觚	<负上> 用 瓜
觜	止 匕 用
觞	<负上> 用 <乃上>
解	<负上> 用 牛
觥	<负上> 用 儿
触	<负上> 用 虫
觫	<负上> 用 木
觯	<负上> 用 十
觳	士 用 殳
言	言
訇	勹 言
訾	止 匕 言
詈	罒 言
詹	<负上> 厂 言
誉	<应下> 八 言
誊	龹 言
誓	扌 斤 言
謇	宀 <井变> 言
謦	声 殳 言
警	艹 攵 言
譬	尸 辛 言
讠	讠
计	讠 十
订	讠 丁
讣	讠 卜
认	讠 人
讥	讠 几
讦	讠 干
讧	讠 工
讨	讠 寸
让	讠 <卓上> 一
讪	讠 山
讫	讠 <卧人> 乙
训	讠 川
议	讠 丶 乂
讯	讠 乙 十
记	讠 己
讲	讠 井
讳	讠 二 <韦下>
讴	讠 匚 乂
讵	讠 匚 <右框>
讶	讠 一 <牙下>
讷	讠 内
许	讠 午
讹	讠 亻 <化右>
论	讠 人 匕
讼	讠 八 厶
讽	讠 风
设	讠 殳
访	讠 方
诀	讠 夬
证	讠 一 止
诂	讠 古
诃	讠 可
评	讠 干 丷
诅	讠 且
识	讠 口 八
诈	讠 乍
诉	讠 斤 丶
诊	讠 人 彡
诋	讠 <卬左> 七
诌	讠 <负上> 彐
词	讠 亅 一
诎	讠 出
诏	讠 召
译	讠 又 <举下>
诒	讠 厶 口
诓	讠 匚 王
诔	讠 耒
试	讠 弋 工
诖	讠 圭
诗	讠 土 寸
诘	讠 吉
诙	讠 <有上> 火
诚	讠 戊 亅
诛	讠 朱
诜	讠 <告上> 儿
话	讠 舌
诞	讠 丿 廴
诟	讠 <后上> 口
诠	讠 全
诡	讠 <负上> 㔾
询	讠 勹 日
诣	讠 匕 日
诤	讠 <负上> 亅
该	讠 亥
详	讠 羊
诧	讠 宀 七
诨	讠 冖 车
诩	讠 羽
诫	讠 戈 廾
诬	讠 工 人
语	讠 五 口
诮	讠 <肖上> 冃
误	讠 口 大
诰	讠 告
诱	讠 禾 乃
诲	讠 <卧人> 母
诳	讠 犭 王
说	讠 丷 儿
诵	讠 龴 <甬下>
诶	讠 厶 矢
请	讠 青
诸	讠 者
诹	讠 耳 又
诺	讠 艹 口
读	讠 十 头
诼	讠 豕 丶
诽	讠 非
课	讠 日 木
诿	讠 禾 女
谀	讠 臼 人
谁	讠 隹
谂	讠 亽 心
调	讠 <周框> 土
谄	讠 <负上> 臼
谅	讠 <享上> 小
谆	讠 <享上> 子
谇	讠 亠 十
谈	讠 火 火
谊	讠 宀 且
谋	讠 廿 木
谌	讠 其 乚
谍	讠 世 木
谎	讠 艹 <流角>
谏	讠 木 <黑上>
谐	讠 比 白
谑	讠 虍 <虐下>
谒	讠 日 勹
谓	讠 田 冃
谔	讠 口 <亏下>
谕	讠 亼 <前下>
谖	讠 爫 又
谗	讠 <负上> <冬下>
谘	讠 欠 口
谙	讠 立 日
谚	讠 立 彡
谛	讠 <旁上> 巾
谜	讠 米 辶
谝	讠 户 冊
谟	讠 莫
谠	讠 <赏上> 儿
谡	讠 田 夂
谢	讠 身 寸
谣	讠 爫 缶
谤	讠 <旁上> 方
谥	讠 <首上> 皿
谦	讠 <首上> <兼末>
谧	讠 心 皿
谨	讠 廿 龶
谩	讠 日 又
谪	讠 啇
谫	讠 <首上> 刀
谬	讠 羽 彡
谭	讠 覀 十
谮	讠 旡 日
谯	讠 焦
谰	讠 门 木
谱	讠 <首上> 日
谲	讠 龴 冂
谳	讠 大 丶
谴	讠 <贵上> 辶
谵	讠 <负上> 言
谶	讠 人 戈
谷	谷
豁	宀 口 谷
豆	一 口 <首上>
豇	一 <首上> 工
豉	一 <首上> 又
豌	一 <首上> 㔾
豕	豕
豚	月 豕
象	象
豢	龹 豕
豪	<亮上> 豕
豫	龴 <予下> 象
豳	山 豕 豕
豸	豸
豹	豸 勹 丶
豺	豸 才
貂	豸 召
貅	豸 亻 木
貉	豸 各
貊	豸 丆 日
貌	豸 白 儿
貔	豸 <囱框> 比
貘	豸 莫
贝	贝
贞	<卓上> 贝
负	负
贡	工 贝
财	贝 才
责	龶 贝
贤	<临左> 又 贝
败	贝 攵
账	贝 长
货	亻 <化右> 贝
质	<反框> 十 贝
贩	贝 反 反.1
贪	亽 乛 贝
贫	分 贝
贬	贝 丿 之
购	贝 勹 厶
贮	贝 宀 一
贯	毌 贝
贰	弋 二 贝
贱	贝 一 戈
贲	十 艹 贝
贳	世 贝
贴	贝 占 占.1
贵	贵
贶	贝 口 儿
贷	代 贝
贸	<卬左> 刀 贝
费	弓 <齐下> 贝
贺	加 贝
贻	贝 厶 口
贼	贝 戈 <有上>
贽	执 执.1 贝
贾	覀 贝
贿	贝 <有上> 冃
赀	止 匕 贝
赁	亻 壬 贝
赂	贝 各
赃	贝 广 土
资	冫 欠 贝
赅	贝 亥
赆	贝 尺 <冬下>
赇	贝 <求架> 丶
赈	贝 厂 <辰内>
赉	未 丷 贝
赊	贝 人 示
赋	贝 一 弋
赌	贝 者
赍	十 人 贝
赎	贝 十 头
赏	<赏上> 贝
赐	贝 日 勹
赓	广 <秉中> 贝
赔	贝 立 口
赕	贝 火 火
赖	木 口 负
赘	敖 贝
赙	贝 甫 寸
赚	贝 <首上> <兼末>
赛	宀 <井变> 贝
赜	匚 龶 贝
赝	厂 亻 贝
赞	<告上> <告上> 贝
赠	贝 丷 日
赡	贝 <负上> 言
赢	<赢框> <赢框>.1 贝
赣	章 夂 贝
赤	土 <赤下>
赦	土 <赤下> 攵
赧	土 <赤下> 又
赫	土 <赤下> <赤下>
赭	土 <赤下> 者
走	走
赳	走 丩
赴	走 卜
赵	走 乂
赶	走 干
起	走 己
趁	走 人 彡
趄	走 且
超	走 召
越	走 戈 乚
趋	走 <负上> 彐
趑	走 冫 欠
趔	走 歹 刂
趟	走 尚
趣	走 耳 又
趱	走 <告上> <告上>
足	足
趴	<足旁> 八
趵	<足旁> 勹 丶
趸	丆 亅 足
趺	<足旁> 夫
趼	<足旁> 一 廾
趾	<足旁> 止
趿	<足旁> 及
跃	<足旁> 丿 大
跄	<足旁> 仓
跆	<足旁> 厶 口
跋	<足旁> 犮
跌	<足旁> 失
跎	<足旁> 宀 匕
跏	<足旁> 加
跑	<足旁> 包
跖	<足旁> 石
跗	<足旁> 亻 寸
跚	<足旁> 册
跛	<足旁> 皮
距	<足旁> 匚 <右框>
跞	<足旁> <卬左> 小
跟	<足旁> 艮
跣	<足旁> <告上> 儿
跤	<足旁> 亠 父
跨	<足旁> 大 <亏下>
跪	<足旁> <负上> 㔾
跫	工 几 足
跬	<足旁> 圭
路	<足旁> 各
跳	<足旁> <兆左> <兆右>
践	<足旁> 一 戈
跷	<足旁> <尧上> 儿
跸	<足旁> 比 十
跹	<足旁> 千 辶
跺	<足旁> 几 木
跻	<足旁> 文 <齐下>
跽	<足旁> 己 心
踅	扌 斤 足
踉	<足旁> 丶 艮
踊	<足旁> 龴 <甬下>
踌	<足旁> <丰变> 寸
踏	<足旁> 水 日
踔	<足旁> <卓上> 十
踝	<足旁> 日 木
踞	<足旁> 尸 古
踟	<足旁> 矢 口
踢	<足旁> 日 勹
踣	<足旁> 立 口
踩	<足旁> 爫 木
踪	<足旁> 宀 示
踬	<足旁> <反框> 贝
踮	<足旁> 广 占
踯	<足旁> 丷 阝
踱	<足旁> 广 又
踵	<足旁> 千 里
踹	<足旁> 山 <而下>
踺	<足旁> <秉中> 廴
踽	<足旁> 丿 冂
蹀	<足旁> 世 木
蹁	<足旁> 户 冊
蹂	<足旁> 龴 木
蹄	<足旁> <旁上> 巾
蹇	宀 <井变> 足
蹈	<足旁> 爫 臼
蹉	<足旁> <差上> 工
蹊	<足旁> 爫 大
蹋	<足旁> 日 羽
蹑	<足旁> 耳 又
蹒	<足旁> 艹 两
蹙	戊 <卓上> 足
蹦	<足旁> 山 月
蹩	丷 攵 足
蹬	<足旁> 癶 <首上>
蹭	<足旁> 丷 日
蹯	<足旁> 丿 田
蹰	<足旁> 厂 寸
蹲	<足旁> 酋 寸
蹴	<足旁> 尢 丶
蹶	<足旁> 厂 欠
蹼	<足旁> 业 丶
蹿	<足旁> 穴 丨
躁	<足旁> 口 木
躅	<足旁> 罒 勹
躇	<足旁> 艹 者
躏	<足旁> 艹 门
躐	<足旁> 巛 <鼠下>
躔	<足旁> 广 土
躜	<足旁> <告上> 贝
躞	<足旁> 火 又
身	身
躬	身 弓
躯	身 匚 乂
躲	身 几 木
躺	身 尚
軎	車 口
车	车
轧	<车旁> 乚
轨	<车旁> 九
轩	<车旁> 干
轫	<车旁> 刀 丶
转	<车旁> 二 <专下>
轭	<车旁> 厂 㔾
轮	<车旁> 人 匕
软	<车旁> 欠
轰	车 又 又
轱	<车旁> 古
轲	<车旁> 可
轳	<车旁> <卓上> 尸
轴	<车旁> 由
轵	<车旁> 口 八
轶	<车旁> 失
轷	<车旁> 丿 <于下>
轸	<车旁> 人 彡
轹	<车旁> <卬左> 小
轺	<车旁> 召
轻	<车旁> <经角> 工
轼	<车旁> 弋 工
载	十 戈 <车旁>
轾	<车旁> 一 土
轿	<车旁> 丿 <齐下>
辁	<车旁> 全
辂	<车旁> 各
较	<车旁> 亠 父
辄	<车旁> 耳 乚
辅	<车旁> 甫
辆	<车旁> 两
辇	夫 夫 车
辈	非 车
辉	<肖上> 儿 车
辊	<车旁> 日 比
辋	<车旁> 冂 <首上>
辍	<车旁> 又 又
辎	<车旁> 巛 田
辏	<车旁> <春上> 大
辐	<车旁> 畐
辑	<车旁> 口 耳
输	<车旁> 亼 <前下>
辔	纟 纟 口
辕	<车旁> 土 <衣下>
辖	<车旁> 宀 口
辗	<车旁> 尸 <辰下>
辘	<车旁> <鹿上> 比
辙	<车旁> <充上> 攵
辚	<车旁> 米 <舛右>
辛	辛
辜	古 辛
辞	舌 辛
辟	尸 口 辛
辣	<辛变> 木 口
辨	<辛变> <班中> 辛
辩	<辛变> 讠 辛
辫	<辛变> 纟 辛
辰	厂 <辰内>
辱	厂 <辰内> 寸
辶	辶
边	力 辶
辽	乛 亅 辶
达	大 辶
迁	千 辶
迂	于 辶
迄	<卧人> 乙 辶
迅	乙 十 辶
过	寸 辶
迈	丆 亅 辶
迎	<卬左> 卩 辶
运	云 辶
近	斤 辶
迓	一 <牙下> 辶
返	反 反.1 辶
迕	午 辶
还	不 辶
这	文 辶
进	井 辶
远	元 辶
违	二 <韦下> 辶
连	车 辶
迟	尺 辶
迢	召 辶
迤	<卧人> 也 辶
迥	冂 口 辶
迦	加 辶
迨	厶 口 辶
迩	<负上> 小 辶
迪	由 辶
迫	白 辶
迭	失 辶
迮	乍 辶
述	木 丶 辶
迳	<经角> 工 辶
迷	米 辶
迸	<首上> 廾 辶
迹	亦 辶
追	<阜上> 辶
退	艮 辶
送	丷 大 辶
适	舌 辶
逃	<兆左> <兆右> 辶
逄	夂 <舛右> 辶
逅	<后上> 口 辶
逆	丷 <屮变> 辶
选	<告上> 儿 辶
逊	子 小 辶
逋	甫 辶
逍	<肖上> 冃 辶
透	禾 乃 辶
逐	豕 辶
逑	<求架> 丶 辶
递	丷 弓 辶
途	余 辶
逖	犭 火 辶
逗	一 口 辶
通	龴 <甬下> 辶
逛	犭 王 辶
逝	扌 斤 辶
逞	口 王 辶
速	木 口 辶
造	告 辶
逡	厶 八 辶
逢	夂 丰 辶
逦	一 冂 辶
逭	宀 <官下> 辶
逮	彐 水 辶
逯	<录上> 水 辶
逵	土 八 辶
逶	禾 女 辶
逸	兔 辶
逻	罒 夕 辶
逼	畐 辶
逾	亼 <前下> 辶
遁	<反框> 十 辶
遂	<首上> 豕 辶
遄	山 丆 辶
遇	甲 冂 辶
遍	户 冊 辶
遏	日 勹 辶
遐	<右框> <右框> 辶
遑	白 王 辶
遒	酋 辶
道	<首上> 丿 辶
遗	贵 辶
遘	<冓上> 冂 辶
遛	<卬左> 刀 辶
遢	日 羽 辶
遣	<贵上> <官下> 辶
遥	爫 缶 辶
遨	敖 辶
遭	<曹上> 日 辶
遮	广 廿 辶
遴	米 夕 辶
遵	酋 寸 辶
遽	虍 豕 辶
避	尸 辛 辶
邀	白 攵 辶
邂	<负上> 刀 辶
邃	穴 <首上> 辶
邈	豸 白 辶
邋	巛 囗 辶
邑	口 巴
邓	又 阝
邕	巛 口 巴
邗	干 阝
邙	亡 阝
邛	工 阝
邝	广 阝
邡	方 阝
邢	一 廾 阝
那	<那左> 阝
邦	<丰变> 阝
邪	一 <牙下> 阝
邬	乌 阝
邮	由 阝
邯	廿 一 阝
邰	厶 口 阝
邱	丘 阝
邳	不 一 阝
邴	一 内 阝
邵	召 阝
邶	<北左> 匕 阝
邸	<卬左> 七 阝
邹	<负上> 彐 阝
邺	业 阝
邻	亽 龴 阝
邾	朱 阝
郁	<有上> 冃 阝
郄	乂 <有上> 阝
郅	一 土 阝
郇	勹 日 阝
郊	亠 父 阝
郎	丶 <即左> 阝
郏	夫 丷 阝
郐	人 云 阝
郑	丷 大 阝
郓	冖 车 阝
郗	乂 <有上> 阝
郛	爫 子 阝
郜	告 阝
郝	土 <赤下> 阝
郡	<秉中> 丿 阝
郢	口 王 阝
郦	一 冂 阝
郧	口 贝 阝
部	立 口 阝
郫	卑 卑.1 阝
郭	<享上> 子 阝
郯	火 火 阝
郴	林 阝
郸	丷 十 阝
都	者 阝
郾	匚 日 阝
鄂	口 <亏下> 阝
鄄	覀 土 阝
鄙	口 囗 阝
鄞	廿 龶 阝
鄢	一 灬 阝
鄣	章 阝
鄯	羊 口 阝
鄱	丿 田 阝
鄹	耳 乑 阝
酃	<雨头> 口 阝
酆	丰 <首上> 阝
酉	酉
酊	酉 丁
酋	酋
酌	酉 勹 丶
配	酉 己
酎	酉 寸
酏	酉 也
酐	酉 干
酒	氵 酉
酗	酉 乂 凵
酚	酉 分
酝	酉 云
酞	酉 大 丶
酡	酉 宀 匕
酢	酉 乍
酣	酉 廿 一
酤	酉 古
酥	酉 禾
酩	酉 夕 口
酪	酉 各
酬	酉 州
酮	酉 冂 一
酯	酉 匕 日
酰	酉 <告上> 儿
酱	丬 夕 酉
酲	酉 口 王
酴	酉 余
酵	酉 耂 子
酶	酉 <卧人> 母
酷	酉 告
酸	酉 厶 夂
酹	酉 爫 寸
酽	酉 亚 丿
酾	酉 一 冂
酿	酉 丶 艮
醅	酉 立 口
醇	酉 <享上> 子
醉	酉 亠 十
醋	酉 龷 日
醌	酉 日 比
醍	酉 日 <足下>
醐	酉 古 月
醑	酉 乛 冃
醒	酉 日 龶
醚	酉 米 辶
醛	酉 艹 全
醢	酉 <有上> 皿
醣	酉 广 口
醪	酉 羽 彡
醭	酉 业 丶
醮	酉 焦
醯	酉 <充上> 皿
醴	酉 日 <首上>
醵	酉 虍 豕
醺	酉 千 黑
采	爫 木
釉	丿 米 由
释	丿 米 <举下>
里	里
重	千 里
野	里 龴 <予下>
量	日 一 里
金	金
釜	父 干 <首上>
鉴	<临左> <半竹> 金
銎	工 几 金
銮	<变上> 金
鋈	氵 丿 金
錾	<车旁> 斤 金
鍪	龴 攵 金
鎏	氵 <充上> 金
鏊	敖 金
鏖	<鹿上> 比 金
鐾	尸 辛 金
鑫	金 金 金
钅	钅
钆	钅 乚
钇	钅 乙
针	钅 十
钉	钅 丁
钊	钅 刂
钋	钅 卜
钌	钅 乛 亅
钍	钅 土
钎	钅 千
钏	钅 川
钐	钅 彡
钒	钅 几 丶
钓	钅 勹 丶
钔	钅 门
钕	钅 女
钗	钅 又 丶
钙	钅 一 <亏下>
钚	钅 不
钛	钅 大 丶
钜	钅 匚 <右框>
钝	钅 七 凵
钞	钅 少
钟	钅 口 丨
钠	钅 内
钡	钅 贝
钢	钅 冂 乂
钣	钅 反 反.1
钤	钅 亽 乛
钥	钅 月
钦	钅 欠
钧	钅 勹 冫
钨	钅 乌
钩	钅 勹 厶
钪	钅 亠 几
钫	钅 方
钬	钅 火
钭	钅 斗
钮	钅 丑
钯	钅 巴
钰	钅 王 丶
钱	钅 一 戈
钲	钅 一 止
钳	钅 廿 一
钴	钅 古
钵	钅 木 一
钶	钅 可
钷	钅 匚 口
钸	钅 <有上> 巾
钹	钅 犮
钺	钅 戈 乚
钻	钅 占 占.1
钼	钅 目
钽	钅 日 一
钾	钅 甲
钿	钅 田
铀	钅 由
铁	钅 失
铂	钅 白
铃	钅 亽 龴
铄	钅 <卬左> 小
铅	钅 几 口
铆	钅 <卯左> 卩
铈	钅 亠 巾
铉	钅 玄
铊	钅 宀 匕
铋	钅 心 丿
铌	钅 尸 匕
铍	钅 皮
铎	钅 又 <举下>
铐	钅 耂 丂
铑	钅 耂 匕
铒	钅 耳
铕	钅 <有上> 冃
铖	钅 戊 亅
铗	钅 夫 丷
铘	钅 一 阝
铙	钅 <尧上> 儿
铛	钅 <肖上> 彐
铜	钅 冂 一
铝	钅 口 口
铞	钅 口 巾
铟	钅 囗 大
铠	钅 山 己
铡	钅 贝 刂
铢	钅 朱
铣	钅 <告上> 儿
铤	钅 壬 廴
铥	钅 千 厶
铧	钅 <化右> 十
铨	钅 全
铩	钅 乂 朩
铪	钅 亼 口
铫	钅 <兆左> <兆右>
铬	钅 各
铭	钅 夕 口
铮	钅 <负上> 亅
铯	钅 <负上> 巴
铰	钅 亠 父
铱	钅 衣
铲	钅 立 丿
铳	钅 <充上> 儿
铴	钅 氵 <乃上>
铵	钅 安 安.1
银	钅 艮
铷	钅 女 口
铸	钅 <丰变> 寸
铹	钅 <营上> 力
铺	钅 甫
铼	钅 未 丷
铽	钅 弋 心
链	钅 车 辶
铿	钅 又 土
销	钅 <肖上> 冃
锁	钅 <肖上> 贝
锂	钅 里
锃	钅 口 王
锄	钅 且 力
锅	钅 口 内
锆	钅 告
锇	钅 手 戈
锈	钅 禾 乃
锉	钅 人 土
锊	钅 爫 寸
锋	钅 夂 丰
锌	钅 辛
锍	钅 <充上> <流角>
锎	钅 门 一
锏	钅 门 日
锐	钅 丷 儿
锑	钅 丷 弓
锒	钅 丶 艮
锓	钅 彐 又
锔	钅 尸 亅
锕	钅 阝 可
锖	钅 青
锗	钅 者
锘	钅 艹 口
错	钅 龷 日
锚	钅 艹 田
锛	钅 大 廾
锝	钅 日 寸
锞	钅 日 木
锟	钅 日 比
锡	钅 日 勹
锢	钅 囗 古
锣	钅 罒 夕
锤	钅 千 <垂下>
锥	钅 隹
锦	钅 白 巾
锨	钅 斤 欠
锩	钅 龹 㔾
锪	钅 勹 心
锫	钅 立 口
锬	钅 火 火
锭	钅 宀 <足下>
键	钅 <秉中> 廴
锯	钅 尸 古
锰	钅 子 皿
锱	钅 巛 田
锲	钅 刀 大
锴	钅 比 白
锵	钅 夕 寸
锶	钅 田 心
锷	钅 口 <亏下>
锸	钅 千 臼
锹	钅 禾 火
锺	钅 千 里
锻	钅 <段左> 殳
锼	钅 叟
锾	钅 爫 又
锿	钅 衣 口
镀	钅 广 又
镁	钅 <美上> 大
镂	钅 米 女
镄	钅 弓 贝
镅	钅 <声下> 目
镆	钅 莫
镇	钅 十 八
镉	钅 一 冂
镊	钅 耳 又
镌	钅 隹 乃
镍	钅 丿 木
镎	钅 亼 手
镏	钅 刀 田
镐	钅 高
镑	钅 <旁上> 方
镒	钅 <首上> 皿
镓	钅 宀 豕
镔	钅 穴 丘
镖	钅 覀 示
镗	钅 <赏上> 土
镘	钅 日 又
镙	钅 田 小
镛	钅 广 冃
镜	钅 竟
镝	钅 啇
镞	钅 <旗角> 矢
镟	钅 <旗角> <足下>
镡	钅 覀 十
镢	钅 厂 欠
镣	钅 大 小
镤	钅 业 丶
镥	钅 鱼 日
镦	钅 <享上> 攵
镧	钅 门 木
镨	钅 <首上> 日
镩	钅 穴 丨
镪	钅 弓 虽
镫	钅 癶 <首上>
镬	钅 艹 又
镭	钅 <雨头> 田
镯	钅 罒 勹
镰	钅 广 <兼末>
镱	钅 立 心
镲	钅 宀 示
镳	钅 <鹿上> 灬
镶	钅 衣 口
长	长
门	门
闩	门 一
闪	门 人
闫	门 三
闭	门 才
问	门 口
闯	门 马
闰	门 王
闱	门 二 <韦下>
闲	门 木
闳	门 <有上> 厶
间	门 日
闵	门 文
闶	门 亠 几
闷	门 心
闸	门 甲
闹	门 亠 巾
闺	门 圭
闻	门 耳
闼	门 大 辶
闽	门 虫
闾	门 口 口
阀	门 亻 戈
阁	门 各
阂	门 亥
阃	门 囗 木
阄	门 <负上> 日
阅	门 丷 口
阆	门 丶 艮
阈	门 戈 口
阉	门 大 日
阊	门 日 日
阋	门 臼 儿
阌	门 受
阍	门 <卬左> 七
阎	门 <负上> 臼
阏	门 方 人
阐	门 丷 日
阑	门 木 <黑上>
阒	门 目 大
阔	门 氵 舌
阕	门 癶 一
阖	门 土 厶
阗	门 十 <具上>
阙	门 丷 <屮变>
阚	门 乛 耳
阜	<阜上> 十
阝	阝
队	阝 人
阡	阝 千
阢	阝 一 儿
阪	阝 反 反.1
阮	阝 元
阱	阝 井
防	阝 方
阳	阝 日
阴	阝 月
阵	阝 车
阶	阝 人 <齐下>
阻	阝 且
阼	阝 乍
阽	阝 占 占.1
阿	阝 可
陀	阝 宀 匕
陂	阝 皮
附	阝 亻 寸
际	阝 示
陆	阝 <举下> 凵
陇	阝 龙
陈	阝 <东上> 小
陉	阝 <经角> 工
陋	阝 一 乚
陌	阝 丆 日
降	阝 夂 <舛右>
限	阝 艮
陔	阝 亥
陕	阝 夫 丷
陛	阝 比 土
陟	阝 止 <步下>
陡	阝 走
院	阝 宀 元
除	阝 余
陧	阝 日 土
陨	阝 口 贝
险	阝 亼 <应下>
陪	阝 立 口
陬	阝 耳 又
陲	阝 千 <垂下>
陴	阝 卑 卑.1
陵	阝 土 夂
陶	阝 勹 缶
陷	阝 <负上> 臼
隅	阝 甲 冂
隆	阝 夂 龶
隈	阝 田 <畏下>
隋	阝 <有上> 冃
隍	阝 白 王
随	阝 <有上> 辶
隐	阝 <负上> 心
隔	阝 一 冂
隗	阝 白 <见下>
隘	阝 <首上> 皿
隙	阝 小 小
障	阝 章
隧	阝 <首上> 辶
隰	阝 日 灬
隳	阝 <有上> <恭下>
隶	彐 水
隹	隹
隼	隹 十
隽	隹 乃
难	又 隹
雀	小 隹
雁	厂 亻 隹
雄	<有上> 厶 隹
雅	一 <牙下> 隹
集	隹 木
雇	户 隹
雉	矢 隹
雌	止 匕 隹
雍	亠 丿 隹
雎	且 隹
雏	<负上> 彐 隹
雒	各 隹
雕	<周框> 土 隹
雠	隹 讠 隹
雨	雨
雩	<雨头> 二 <亏下>
雪	<雨头> 彐
雯	<雨头> 文
雳	<雨头> 厂 力
零	<雨头> 亽 龴
雷	<雨头> 田
雹	<雨头> 包
雾	<雨头> 夂 力
需	<雨头> 丆 <而下>
霁	<雨头> 文 <齐下>
霄	<雨头> <肖上> 冃
霆	<雨头> 壬 廴
震	<雨头> 厂 <辰内>
霈	<雨头> 氵 巾
霉	<雨头> <卧人> 母
霍	<雨头> 隹
霎	<雨头> 立 女
霏	<雨头> 非
霓	<雨头> 臼 儿
霖	<雨头> 林
霜	<雨头> 木 目
霞	<雨头> 丨 又
霪	<雨头> 氵 壬
霭	<雨头> 讠 勹
霰	<雨头> 冃 攵
露	<雨头> <足旁> 各
霸	<雨头> 革 月
霹	<雨头> 尸 辛
霾	<雨头> 豸 里
青	青
靓	青 见
靖	立 青
静	青 <负上> 亅
靛	青 宀 <足下>
非	非
靠	告 非
靡	广 林 非
面	丆 罒 二
靥	厂 大 罒
革	革
靳	革 斤
靴	革 亻 <化右>
靶	革 巴
靼	革 日 一
鞅	革 央
鞋	革 圭
鞍	革 安 安.1
鞑	革 大 辶
鞒	革 丿 <齐下>
鞔	革 <负上> <见下>
鞘	革 <肖上> 冃
鞠	革 勹 米
鞣	革 龴 木
鞫	革 勹 言
鞭	革 亻 丈
鞯	革 艹 子
鞲	革 <冓上> 冂
鞴	革 龷 <甬下>
韦	二 <韦下>
韧	二 <韦下> 刀
韩	十 十 <韦下>
韪	日 <足下> 二
韫	二 <韦下> 皿
韬	二 <韦下> 臼
韭	非 一
音	立 日
韵	立 日 勹
韶	立 日 召
页	页
顶	丁 页
顷	<比左> 页
顸	干 页
项	工 页
顺	川 页
须	彡 页
顼	王 页
顽	元 页
顾	厂 㔾 页
顿	七 凵 页
颀	斤 页
颁	分 页
颂	八 厶 页
颃	亠 几 页
预	龴 <予下> 页
颅	<卓上> 尸 页
领	亽 龴 页
颇	皮 页
颈	<经角> 工 页
颉	吉 页
颊	夫 丷 页
颌	亼 口 页
颍	匕 水 页
颏	亥 页
颐	匚 丨 页
频	止 <步下> 页
颓	禾 几 页
颔	亽 口 页
颖	匕 禾 页
颗	日 木 页
题	日 <足下> 页
颚	口 <亏下> 页
颛	山 <而下> 页
颜	立 丿 页
额	宀 各 页
颞	耳 又 页
颟	艹 两 页
颠	十 八 页
颡	又 木 页
颢	日 小 页
颤	亠 一 页
颥	<雨头> <而下> 页
颦	止 页 卑
颧	艹 隹 页
风	风
飑	风 包
飒	立 风
飓	风 <具上> 八
飕	风 叟
飘	覀 示 风
飙	大 大 风
飚	风 火 火
飞	乙 冫
食	食
飧	夕 食
飨	<乡上> 丿 食
餍	厂 大 食
餐	<卓上> 又 食
餮	歹 人 食
饔	亠 <乡上> 食
饕	口 虍 食
饣	饣
饥	饣 几
饧	饣 <乃上> <两撇>
饨	饣 七 凵
饩	饣 气
饪	饣 壬
饫	饣 丿 大
饬	饣 <卧人> 力
饭	饣 反 反.1
饮	饣 欠
饯	饣 一 戈
饰	饣 <卧人> 巾
饱	饣 包
饲	饣 亅 一
饴	饣 厶 口
饵	饣 耳
饶	饣 <尧上> 儿
饷	饣 <向框> 口
饺	饣 亠 父
饼	饣 <首上> 廾
饽	饣 十 子
饿	饣 手 戈
馀	饣 余
馁	饣 爫 女
馄	饣 日 比
馅	饣 <负上> 臼
馆	饣 宀 <官下>
馇	饣 木 一
馈	饣 贵
馊	饣 叟
馋	饣 <负上> <冬下>
馍	饣 莫
馏	饣 刀 田
馐	饣 <差上> 丑
馑	饣 廿 龶
馒	饣 日 又
馓	饣 龷 攵
馔	饣 巳 八
馕	饣 十 <衣下>
首	<首上> 丿 目
馗	九 <首上> 丿
馘	<首上> 目 戈
香	禾 日
馥	禾 日 夂
馨	声 殳 日
马	马
驭	马 又
驮	马 大
驯	马 川
驰	马 也
驱	马 匚 乂
驳	马 乂 乂
驴	马 户
驵	马 且
驶	马 口 乂
驷	马 囗 儿
驸	马 亻 寸
驹	马 勹 口
驺	马 <负上> 彐
驻	马 主
驼	马 宀 匕
驽	女 又 马
驾	加 马
驿	马 又 <举下>
骀	马 厶 口
骁	马 <尧上> 儿
骂	口 口 马
骄	马 丿 <齐下>
骅	马 <化右> 十
骆	马 各
骇	马 亥
骈	马 <首上> 廾
骊	马 一 冂
骋	马 由 丂
验	马 亼 <应下>
骏	马 厶 夂
骐	马 其
骑	马 大 可
骒	马 日 木
骓	马 隹
骖	马 厶 彡
骗	马 户 冊
骘	阝 止 马
骚	马 又 虫
骛	龴 攵 马
骜	敖 马
骝	马 刀 田
骞	宀 <井变> 马
骟	马 户 羽
骠	马 覀 示
骡	马 田 小
骢	马 <囱框> 心
骣	马 尸 子
骤	马 又 乑
骥	马 匕 八
骧	马 衣 口
骨	骨
骰	骨 殳
骱	骨 人 <齐下>
骶	骨 <卬左> 七
骷	骨 古
骸	骨 亥
骺	骨 <后上> 口
骼	骨 各
髀	骨 卑 卑.1
髁	骨 日 木
髂	骨 宀 各
髅	骨 米 女
髋	骨 宀 见
髌	骨 穴 丘
髑	骨 罒 勹
髓	骨 <有上> 辶
高	高
髟	髟
髡	髟 一 儿
髦	髟 毛
髫	髟 召
髭	髟 止 匕
髯	髟 冂 土
髹	髟 亻 木
髻	髟 吉
鬃	髟 宀 示
鬈	髟 龹 㔾
鬏	髟 禾 火
鬓	髟 穴 丘
鬟	髟 罒 <衣下>
鬣	髟 巛 <鼠下>
鬯	乂 凵 匕
鬲	一 口 冂
鬻	弓 弓 冂
鬼	白 <见下> 厶
魁	白 <见下> 斗
魂	云 白 <见下>
魃	白 <见下> 犮
魄	白 白 <见下>
魅	白 <见下> 未
魇	厂 大 <见下>
魈	白 <见下> <肖上>
魉	白 <见下> 两
魍	白 <见下> 冂
魏	禾 女 <见下>
魑	白 <见下> 文
魔	广 林 <见下>
鱼	鱼
鱿	鱼 尢 丶
鲁	鱼 日
鲂	鱼 方
鲅	鱼 犮
鲆	鱼 干 丷
鲇	鱼 占 占.1
鲈	鱼 <卓上> 尸
鲋	鱼 亻 寸
鲍	鱼 包
鲎	<学上> 鱼
鲐	鱼 厶 口
鲑	鱼 圭
鲒	鱼 吉
鲔	鱼 <有上> 冃
鲕	鱼 丆 <而下>
鲚	鱼 文 <齐下>
鲛	鱼 亠 父
鲜	鱼 羊
鲞	龹 鱼
鲟	鱼 彐 寸
鲠	鱼 丈 日
鲡	鱼 一 冂
鲢	鱼 车 辶
鲣	鱼 又 土
鲤	鱼 里
鲥	鱼 日 寸
鲦	鱼 夂 朩
鲧	鱼 丿 小
鲨	氵 少 鱼
鲩	鱼 宀 元
鲫	鱼 <即左> 卩
鲭	鱼 青
鲮	鱼 土 夂
鲰	鱼 耳 又
鲱	鱼 非
鲲	鱼 日 比
鲳	鱼 日 日
鲴	鱼 囗 古
鲵	鱼 臼 儿
鲶	鱼 亽 心
鲷	鱼 <周框> 土
鲸	鱼 <享上> 小
鲺	鱼 乙 丿
鲻	鱼 巛 田
鲼	鱼 十 贝
鲽	鱼 世 木
鳃	鱼 田 心
鳄	鱼 口 <亏下>
鳅	鱼 禾 火
鳆	鱼 <卧人> 夂
鳇	鱼 白 王
鳊	鱼 户 冊
鳋	鱼 又 虫
鳌	敖 鱼
鳍	鱼 耂 日
鳎	鱼 日 羽
鳏	鱼 罒 <冬下>
鳐	鱼 爫 缶
鳓	鱼 革 力
鳔	鱼 覀 示
鳕	鱼 <雨头> 彐
鳖	丷 攵 鱼
鳗	鱼 日 又
鳘	<卧人> 攵 鱼
鳙	鱼 广 冃
鳜	鱼 厂 欠
鳝	鱼 羊 口
鳞	鱼 米 <舛右>
鳟	鱼 酋 寸
鳢	鱼 日 <首上>
鸟	鸟
鸠	九 鸟
鸡	又 鸟
鸢	弋 鸟
鸣	口 鸟
鸥	匚 乂 鸟
鸦	一 <牙下> 鸟
鸨	匕 十 鸟
鸩	<巾变> 乚 鸟
鸪	古 鸟
鸫	<东上> 小 鸟
鸬	<卓上> 尸 鸟
鸭	甲 鸟
鸯	央 鸟
鸱	<卬左> 七 鸟
鸲	勹 口 鸟
鸳	夕 㔾 鸟
鸵	鸟 宀 匕
鸶	<乡上> <乡上> 鸟
鸷	执 执.1 鸟
鸸	丆 <而下> 鸟
鸹	舌 鸟
鸺	亻 木 鸟
鸽	亼 口 鸟
鸾	<变上> 鸟
鸿	氵 工 鸟
鹁	十 子 鸟
鹂	一 冂 鸟
鹃	口 冃 鸟
鹄	告 鸟
鹅	手 戈 鸟
鹆	谷 鸟
鹇	门 木 鸟
鹈	丷 丿 鸟
鹉	一 止 鸟
鹊	龷 日 鸟
鹋	艹 田 鸟
鹌	大 乚 鸟
鹎	卑 卑.1 鸟
鹏	月 月 鸟
鹑	<享上> 子 鸟
鹕	古 月 鸟
鹗	口 <亏下> 鸟
鹘	骨 鸟
鹚	<首上> 幺 鸟
鹛	<声下> 目 鸟
鹜	龴 攵 鸟
鹞	爫 缶 鸟
鹣	<首上> <兼末> 鸟
鹤	冖 隹 鸟
鹦	贝 女 鸟
鹧	广 廿 鸟
鹨	羽 彡 鸟
鹩	大 小 鸟
鹪	焦 鸟
鹫	<享上> 丶 鸟
鹬	龴 冂 鸟
鹭	<足旁> 各 鸟
鹰	广 亻 鸟
鹱	鸟 艹 又
鹳	艹 隹 鸟
鹾	<卓上> 囗 工
鹿	<鹿上> 比
麂	<鹿上> 比 几
麇	<鹿上> 比 禾
麈	<鹿上> 比 主
麋	<鹿上> 比 米
麒	<鹿上> 比 其
麓	林 <鹿上> 比
麝	<鹿上> 比 寸
麟	<鹿上> 米 <舛右>
麦	龶 夂
麴	木 夂 勹
麸	龶 夂 夫
麻	广 林
麽	广 林 厶
麾	广 林 毛
黄	龷 由 八
黉	<学上> 龷 八
黍	禾 人 氺
黎	禾 勹 氺
黏	禾 氺 占.1
黑	黑
黔	黑 亽 乛
默	黑 大 丶
黛	代 黑
黜	黑 出
黝	黑 幺 力
黟	黑 夕 夕
黠	黑 吉
黢	黑 厶 夂
黥	黑 <享上> 小
黧	禾 勹 黑
黩	黑 十 头
黪	黑 厶 彡
黯	黑 立 日
黹	业 丷 巾
黻	业 巾 犮
黼	业 巾 甫
黾	口 日 乚
鼋	元 口 乚
鼍	口 口 乚
鼎	目 <鼎左> <鼎右>
鼐	乃 <鼎左> <鼎右>
鼓	吉 <首上> 又
鼗	<兆左> <首上> 又
鼙	吉 十 卑
鼠	臼 <鼠下>
鼢	臼 <鼠下> 分
鼬	臼 <鼠下> 由
鼯	臼 <鼠下> 口
鼷	臼 <鼠下> 大
鼹	臼 <鼠下> 安
鼻	丿 目 丌
鼽	丿 丌 九
鼾	丿 丌 干
齄	丿 丌 一
齐	文 <齐下>
齑	文 非 <齐下>
齿	止 人 凵
龀	止 凵 <化右>
龃	止 凵 且
龄	止 凵 龴
龅	止 凵 包
龆	止 凵 召
龇	止 凵 匕
龈	止 凵 艮
龉	止 凵 口
龊	止 凵 足
龋	止 凵 冂
龌	止 凵 土
龙	龙
龚	龙 龷 八
龛	亼 口 龙
龟	<负上> 日 乚
龠	亼 口 冊
