name	pinyin	importance
㑇	zhou4	100
㑊	yi4	100
㕮	fu3	100
㘎	han3	100
㙍	duo1	100
㙘	yao1	100
㙦	xie2	100
㛃	jie2	100
㛚	tong3	100
㛹	pian2	100
㟃	si1	100
㠇	jiu4	100
㠓	meng2	100
㤘	zhou4	100
㥄	ling2	100
㧐	song3	100
㧑	hui1	100
㧟	kuai3	100
㫰	lang4	100
㬊	huan3	100
㬎	xian3	100
㬚	che4	100
㭎	gang1	100
㭕	qu1	100
㮾	lang3	100
㰀	li2	100
㳇	fu4	100
㳘	chong1	100
㳚	xu4	100
㴔	ji2	100
㵐	jue2	100
㶲	yong4	100
㸆	kao4	100
㸌	huo4	100
㺄	yu3	100
㻬	tu1	100
㽏	gan4	100
㿠	huang4	100
䁖	lou1	100
䂮	lve4	100
䃅	di1	100
䃎	zha4	100
䅟	can3	100
䌹	jiong3	100
䎃	ran3	100
䎖	zeng1	100
䏝	zhuan1	100
䏡	shi4	100
䏲	ti1	100
䐃	jun4	100
䓖	qiong2	100
䓛	qu1	100
䓨	ying1	100
䓫	qi2	100
䓬	zhuo2	100
䗖	di4	100
䗛	xiu1	100
䗪	zhe4	100
䗴	ting2	100
䜣	xin1	100
䝙	chu1	100
䢺	chu1	100
䢼	gong1	100
䣘	tang2	100
䥽	po1	100
䦃	zhuo1	100
䲟	yin4	100
䲠	chun1	100
䲢	teng2	100
䴓	shi1	100
䴔	jiao1	100
䴕	lie4	100
䴖	jing1	100
䴗	ju2	100
䴘	ti1	100
䴙	pi4	100
䶮	yan3	100
一	yi1	100
丁	ding1	100
七	qi1	100
万	wan4	100
万	mo4	0
丈	zhang4	100
三	san1	100
上	shang4	100
上	shang3	0
下	xia4	100
不	bu4	100
与	yu3	100
与	yu4	0
丏	mian3	100
丐	gai4	100
丑	chou3	100
专	zhuan1	100
且	qie3	100
丕	pi1	100
世	shi4	100
丘	qiu1	100
丙	bing3	100
业	ye4	100
丛	cong2	100
东	dong1	100
丝	si1	100
丞	cheng2	100
丢	diu1	100
两	liang3	100
严	yan2	100
丧	sang4	100
丧	sang1	0
个	ge4	100
个	ge3	0
丫	ya1	100
中	zhong1	99
中	zhong4	1
丰	feng1	100
串	chuan4	100
临	lin2	100
丸	wan2	100
丹	dan1	100
为	wei2	50
为	wei4	50
主	zhu3	100
丽	li4	100
丽	li2	0
举	ju3	100
乂	yi4	100
乃	nai3	100
久	jiu3	100
么	me5	100
义	yi4	100
之	zhi1	100
乌	wu1	100
乍	zha4	100
乎	hu1	100
乏	fa2	100
乐	le4	100
乐	yue4	0
乒	ping1	100
乓	pang1	100
乔	qiao2	100
乖	guai1	100
乘	cheng2	100
乙	yi3	100
乜	mie1	90
乜	nie4	10
九	jiu3	100
乞	qi3	100
也	ye3	100
习	xi2	100
乡	xiang1	100
书	shu1	100
乩	ji1	100
买	mai3	100
乱	luan4	100
乳	ru3	100
乸	na3	100
乾	qian2	100
了	le5	100
了	liao3	0
予	yu3	100
予	yu2	0
争	zheng1	100
事	shi4	100
二	er4	100
亍	chu4	100
于	yu2	100
亏	kui1	100
云	yun2	100
互	hu4	100
亓	qi2	100
五	wu3	100
井	jing3	100
亘	gen4	100
亚	ya4	100
些	xie1	100
亟	ji2	100
亟	qi4	0
亡	wang2	100
亢	kang4	100
交	jiao1	100
亥	hai4	100
亦	yi4	100
产	chan3	100
亨	heng1	100
亩	mu3	100
享	xiang3	100
京	jing1	100
亭	ting2	100
亮	liang4	100
亲	qin1	100
亲	qing4	0
亳	bo2	100
亵	xie4	100
亶	dan3	100
亸	duo3	100
亹	wei3	100
人	ren2	100
亿	yi4	100
什	shi2	100
什	shen2	0
仁	ren2	100
仂	le4	100
仃	ding1	100
仄	ze4	100
仅	jin3	100
仆	pu2	100
仆	pu1	0
仇	chou2	100
仇	qiu2	0
仉	zhang3	100
今	jin1	100
介	jie4	100
仍	reng2	100
从	cong2	100
仑	lun2	100
仓	cang1	100
仔	zai3	100
仔	zi3	0
仕	shi4	100
他	ta1	100
仗	zhang4	100
付	fu4	100
仙	xian1	100
仝	tong2	100
仞	ren4	100
仟	qian1	100
仡	ge1	100
代	dai4	100
令	ling4	100
令	ling2	0
令	ling3	0
以	yi3	100
仨	sa1	100
仪	yi2	100
仫	mu4	100
们	men5	100
们	men2	0
仰	yang3	100
仲	zhong4	100
仳	pi3	100
仵	wu3	100
件	jian4	100
价	jia4	100
价	jie5	0
任	ren4	99
任	ren2	1
份	fen4	100
仿	fang3	100
企	qi3	100
伈	xin3	100
伉	kang4	100
伊	yi1	100
伋	ji2	100
伍	wu3	100
伎	ji4	100
伏	fu2	100
伐	fa2	100
休	xiu1	100
众	zhong4	100
优	you1	100
伙	huo3	100
会	hui4	100
会	kuai4	0
伛	yu3	100
伞	san3	100
伟	wei3	100
传	chuan2	95
传	zhuan4	5
伢	ya2	100
伣	qian4	100
伤	shang1	100
伥	chang1	100
伦	lun2	100
伧	cang1	100
伪	wei3	100
伫	zhu4	100
伭	xian2	100
伯	bo2	100
伯	bai3	0
估	gu1	100
估	gu4	0
伲	ni2	100
伴	ban4	100
伶	ling2	100
伸	shen1	100
伺	si4	95
伺	ci4	5
似	si4	100
似	shi4	0
伽	jia1	100
伽	ga1	0
伽	qie2	0
伾	pi1	100
佁	yi3	100
佃	dian4	100
但	dan4	100
位	wei4	100
低	di1	100
住	zhu4	100
佐	zuo3	100
佑	you4	100
体	ti3	100
体	ti1	0
何	he2	100
佖	bi4	100
佗	tuo2	100
佘	she2	100
余	yu2	100
佚	yi4	100
佛	fo2	100
佛	fu2	0
作	zuo4	95
作	zuo1	5
佝	gou1	100
佞	ning4	100
佟	tong2	100
你	ni3	100
佣	yong1	95
佣	yong4	5
佤	wa3	100
佥	qian1	100
佩	pei4	100
佬	lao3	100
佯	yang2	100
佰	bai3	100
佳	jia1	100
佴	nai4	100
佶	ji2	100
佸	huo2	100
佺	quan2	100
佻	tiao1	100
佼	jiao3	100
佽	ci4	100
佾	yi4	100
使	shi3	100
侁	shen1	100
侂	tuo1	100
侃	kan3	100
侄	zhi2	100
侈	chi3	100
侉	kua3	100
例	li4	100
侍	shi4	100
侏	zhu1	100
侑	you4	100
侔	mou2	100
侗	dong4	100
侘	cha4	100
供	gong1	100
供	gong4	0
依	yi1	100
侠	xia2	100
侣	lv3	100
侥	jiao3	100
侥	yao2	0
侦	zhen1	100
侧	ce4	100
侨	qiao2	100
侩	kuai4	100
侪	chai2	100
侬	nong2	100
侮	wu3	100
侯	hou2	100
侯	hou4	0
侴	chou3	100
侵	qin1	100
侹	ting3	100
便	bian4	100
便	pian2	0
促	cu4	100
俄	e2	100
俅	qiu2	100
俊	jun4	100
俍	liang2	100
俎	zu3	100
俏	qiao4	100
俐	li4	100
俑	yong3	100
俗	su2	100
俘	fu2	100
俙	xi1	100
俚	li3	100
俜	ping1	100
保	bao3	100
俞	yu2	100
俟	si4	100
俟	qi2	0
信	xin4	100
俣	yu3	100
俦	chou2	100
俨	yan3	100
俩	lia3	100
俩	liang3	0
俪	li4	100
俫	lai2	100
俭	jian3	100
修	xiu1	100
俯	fu3	100
俱	ju4	100
俱	ju1	0
俳	pai2	100
俵	biao4	100
俶	chu4	100
俸	feng4	100
俺	an3	100
俾	bi3	100
倌	guan1	100
倍	bei4	100
倏	shu1	100
倒	dao4	70
倒	dao3	30
倓	tan2	100
倔	jue4	95
倔	jue2	5
倕	chui2	100
倘	tang3	100
候	hou4	100
倚	yi3	100
倜	ti4	100
倞	jing4	100
借	jie4	100
倡	chang4	100
倥	kong3	100
倦	juan4	100
倧	zong1	100
倨	ju4	100
倩	qian4	100
倪	ni2	100
倬	zhuo1	100
倭	wo1	100
倮	luo3	100
倴	ben4	100
债	zhai4	100
倻	ye1	100
值	zhi2	100
倾	qing1	100
偁	cheng1	100
偃	yan3	100
假	jia3	100
假	jia4	0
偈	ji4	100
偌	ruo4	100
偎	wei1	100
偏	pian1	100
偓	wo4	100
偕	xie2	100
做	zuo4	100
停	ting2	100
偡	zhan4	100
健	jian4	100
偬	zong3	100
偭	mian3	100
偰	xie4	100
偲	cai1	100
偶	ou3	100
偷	tou1	100
偻	lv3	95
偻	lou2	5
偾	fen4	100
偿	chang2	100
傀	kui3	100
傃	su4	100
傅	fu4	100
傈	li4	100
傉	nu4	100
傍	bang4	100
傒	xi1	100
傕	jue2	100
傣	dai3	100
傥	tang3	100
傧	bin1	100
储	chu3	100
傩	nuo2	100
催	cui1	100
傲	ao4	100
傺	chi4	100
傻	sha3	100
僇	lu4	100
僎	zhuan4	100
像	xiang4	100
僔	zun3	100
僖	xi1	100
僚	liao2	100
僦	jiu4	100
僧	seng1	100
僬	jiao1	100
僭	jian4	100
僮	tong2	100
僰	bo2	100
僳	su4	100
僵	jiang1	100
僻	pi4	100
儆	jing3	100
儇	xuan1	100
儋	dan1	100
儒	ru2	100
儡	lei3	100
儦	biao1	100
儳	chan2	100
儴	rang2	100
儿	er2	100
兀	wu4	100
允	yun3	100
元	yuan2	100
兄	xiong1	100
充	chong1	100
兆	zhao4	100
先	xian1	100
光	guang1	100
克	ke4	100
免	mian3	100
兑	dui4	100
兔	tu4	100
兕	si4	100
兖	yan3	100
党	dang3	100
兜	dou1	100
兢	jing1	100
入	ru4	100
全	quan2	100
八	ba1	100
公	gong1	100
六	liu4	100
兮	xi1	100
兰	lan2	100
共	gong4	100
关	guan1	100
兴	xing4	90
兴	xing1	10
兵	bing1	100
其	qi2	100
具	ju4	100
典	dian3	100
兹	zi1	100
兹	ci2	0
养	yang3	100
兼	jian1	100
兽	shou4	100
冀	ji4	100
冁	chan3	100
内	nei4	100
冈	gang1	100
冉	ran3	100
册	ce4	100
再	zai4	100
冏	jiong3	100
冒	mao4	100
冔	xu3	100
冕	mian3	100
冗	rong3	100
写	xie3	100
军	jun1	100
农	nong2	100
冠	guan1	50
冠	guan4	50
冢	zhong3	100
冤	yuan1	100
冥	ming2	100
冬	dong1	100
冮	gang1	100
冯	feng2	100
冰	bing1	100
冱	hu4	100
冲	chong1	99
冲	chong4	1
决	jue2	100
况	kuang4	100
冶	ye3	100
冷	leng3	100
冻	dong4	100
冼	xian3	100
冽	lie4	100
净	jing4	100
凄	qi1	100
准	zhun3	100
凇	song1	100
凉	liang2	100
凉	liang4	0
凋	diao1	100
凌	ling2	100
减	jian3	100
凑	cou4	100
凓	li4	100
凘	si1	100
凛	lin3	100
凝	ning2	100
几	ji3	100
几	ji1	0
凡	fan2	100
凤	feng4	100
凫	fu2	100
凭	ping2	100
凯	kai3	100
凰	huang2	100
凳	deng4	100
凶	xiong1	100
凸	tu1	100
凹	ao1	100
出	chu1	100
击	ji1	100
凼	dang4	100
函	han2	100
凿	zao2	100
刀	dao1	100
刁	diao1	100
刃	ren4	100
分	fen1	99
分	fen4	1
切	qie1	90
切	qie4	10
刈	yi4	100
刊	kan1	100
刍	chu2	100
刎	wen3	100
刑	xing2	100
划	hua2	100
划	hua4	0
刖	yue4	100
列	lie4	100
刘	liu2	100
则	ze2	100
刚	gang1	100
创	chuang4	100
创	chuang1	0
初	chu1	100
删	shan1	100
判	pan4	100
刨	pao2	100
刨	bao4	0
利	li4	100
别	bie2	100
别	bie4	0
刬	chan4	100
刭	jing3	100
刮	gua1	100
到	dao4	100
刳	ku1	100
制	zhi4	100
刷	shua1	100
刷	shua4	0
券	quan4	100
券	xuan4	0
刹	sha1	100
刹	cha4	0
刺	ci4	100
刺	ci1	0
刻	ke4	100
刽	gui4	100
刿	gui4	100
剀	kai3	100
剁	duo4	100
剂	ji4	100
剃	ti4	100
剅	lou2	100
削	xiao1	100
削	xue1	0
剋	kei1	100
剌	la4	100
前	qian2	100
剐	gua3	100
剑	jian4	100
剔	ti1	100
剕	fei4	100
剖	pou1	100
剜	wan1	100
剞	ji1	100
剟	duo1	100
剡	shan4	100
剥	bao1	70
剥	bo1	30
剧	ju4	100
剩	sheng4	100
剪	jian3	100
副	fu4	100
割	ge1	100
剽	piao1	100
剿	jiao3	100
劁	qiao1	100
劂	jue2	100
劄	zha2	100
劈	pi1	100
劈	pi3	0
劐	huo1	100
劓	yi4	100
力	li4	100
劝	quan4	100
办	ban4	100
功	gong1	100
加	jia1	100
务	wu4	100
劢	mai4	100
劣	lie4	100
动	dong4	100
助	zhu4	100
努	nu3	100
劫	jie2	100
劬	qu2	100
劭	shao4	100
励	li4	100
劲	jin4	100
劲	jing4	0
劳	lao2	100
劼	jie2	100
劾	he2	100
势	shi4	100
勃	bo2	100
勇	yong3	100
勉	mian3	100
勋	xun1	100
勍	qing2	100
勐	meng3	100
勒	lei1	100
勒	le4	0
勔	mian3	100
勖	xu4	100
勘	kan1	100
勚	yi4	100
募	mu4	100
勠	lu4	100
勤	qin2	100
勰	xie2	100
勺	shao2	100
勾	gou1	100
勾	gou4	0
勿	wu4	100
匀	yun2	100
包	bao1	100
匆	cong1	100
匈	xiong1	100
匍	pu2	100
匏	pao2	100
匐	fu2	100
匕	bi3	100
化	hua4	100
北	bei3	100
匙	chi2	100
匙	shi5	0
匜	yi2	100
匝	za1	100
匠	jiang4	100
匡	kuang1	100
匣	xia2	100
匦	gui3	100
匪	fei3	100
匮	kui4	100
匹	pi3	100
区	qu1	100
区	ou1	0
医	yi1	100
匼	ke1	100
匾	bian3	100
匿	ni4	100
十	shi2	100
千	qian1	100
卅	sa4	100
升	sheng1	100
午	wu3	100
卉	hui4	100
半	ban4	100
华	hua2	100
华	hua4	0
协	xie2	100
卑	bei1	100
卒	zu2	100
卒	cu4	0
卓	zhuo2	100
单	dan1	99
单	shan4	1
单	chan2	0
卖	mai4	100
南	nan2	100
南	na1	0
博	bo2	100
卜	bu3	100
卜	bo5	0
卞	bian4	100
卟	bu3	100
占	zhan4	100
占	zhan1	0
卡	ka3	95
卡	qia3	5
卢	lu2	100
卣	you3	100
卤	lu3	100
卦	gua4	100
卧	wo4	100
卫	wei4	100
卬	ang2	100
卮	zhi1	100
卯	mao3	100
印	yin4	100
危	wei1	100
即	ji2	100
却	que4	100
卵	luan3	100
卷	juan3	95
卷	juan4	5
卸	xie4	100
卺	jin3	100
卿	qing1	100
厂	chang3	100
厄	e4	100
厅	ting1	100
历	li4	100
厉	li4	100
压	ya1	100
压	ya4	0
厌	yan4	100
厍	she4	100
厕	ce4	100
厖	mang2	100
厘	li2	100
厚	hou4	100
厝	cuo4	100
原	yuan2	100
厢	xiang1	100
厣	yan3	100
厥	jue2	100
厦	sha4	99
厦	xia4	1
厨	chu2	100
厩	jiu4	100
厮	si1	100
去	qu4	100
厾	du1	100
县	xian4	100
叁	san1	100
参	can1	99
参	shen1	1
参	cen1	0
叆	ai4	100
叇	dai4	100
又	you4	100
叉	cha1	100
叉	cha2	0
叉	cha3	0
叉	cha4	0
及	ji2	100
友	you3	100
双	shuang1	100
反	fan3	100
发	fa1	99
发	fa4	1
叔	shu1	100
叕	zhuo2	100
取	qu3	100
受	shou4	100
变	bian4	100
叙	xu4	100
叚	xia2	100
叛	pan4	100
叟	sou3	100
叠	die2	100
口	kou3	100
古	gu3	100
句	ju4	100
句	gou1	0
另	ling4	100
叨	dao1	100
叨	dao2	0
叨	tao1	0
叩	kou4	100
只	zhi3	95
只	zhi1	5
叫	jiao4	100
召	zhao4	100
召	shao4	0
叭	ba1	100
叮	ding1	100
可	ke3	100
可	ke4	0
台	tai2	100
台	tai1	0
叱	chi4	100
史	shi3	100
右	you4	100
叵	po3	100
叶	ye4	100
叶	xie2	0
号	hao4	100
号	hao2	0
司	si1	100
叹	tan4	100
叻	le4	100
叼	diao1	100
叽	ji1	100
吁	yu4	95
吁	xu1	5
吁	yu1	0
吃	chi1	100
各	ge4	100
吆	yao1	100
合	he2	100
合	ge3	0
吉	ji2	100
吊	diao4	100
同	tong2	100
同	tong4	0
名	ming2	100
后	hou4	100
吏	li4	100
吐	tu4	99
吐	tu3	1
向	xiang4	100
吒	zha1	100
吓	xia4	100
吓	he4	0
吕	lv3	100
吖	a1	100
吗	ma5	100
吗	ma2	0
吗	ma3	0
君	jun1	100
吝	lin4	100
吞	tun1	100
吟	yin2	100
吠	fei4	100
吡	bi3	100
吣	qin4	100
否	fou3	100
否	pi3	0
吧	ba5	100
吧	ba1	0
吨	dun1	100
吩	fen1	100
含	han2	100
听	ting1	100
吭	keng1	100
吭	hang2	0
吮	shun3	100
启	qi3	100
吱	zhi1	100
吱	zi1	0
吲	yin3	100
吴	wu2	100
吵	chao3	100
吵	chao1	0
吸	xi1	100
吹	chui1	100
吻	wen3	100
吼	hou3	100
吽	hong1	100
吾	wu2	100
呀	ya5	100
呀	ya1	0
呃	e5	100
呃	e4	0
呆	dai1	100
呇	men4	100
呈	cheng2	100
告	gao4	100
呋	fu1	100
呐	na4	100
呒	m2	100
呓	yi4	100
呔	dai1	100
呕	ou3	100
呖	li4	100
呗	bei5	100
员	yuan2	100
员	yun4	0
呙	guo1	100
呛	qiang4	90
呛	qiang1	10
呜	wu1	100
呢	ne5	100
呢	ni2	0
呣	m2	95
呣	m4	5
呤	ling4	100
呦	you1	100
周	zhou1	100
呱	gua1	95
呱	gu1	5
呲	ci1	100
味	wei4	100
呵	he1	100
呶	nao2	100
呷	xia1	100
呸	pei1	100
呻	shen1	100
呼	hu1	100
命	ming4	100
咀	ju3	100
咀	zui3	0
咂	za1	100
咄	duo1	100
咆	pao2	100
咇	bi4	100
咉	yang1	100
咋	za3	100
咋	ze2	0
咋	zha1	0
和	he2	100
和	he4	0
和	hu2	0
和	huo2	0
和	huo4	0
和	huo5	0
咍	hai1	100
咎	jiu4	100
咏	yong3	100
咐	fu4	100
咒	zhou4	100
咔	ka1	100
咔	ka3	0
咕	gu1	100
咖	ka1	100
咖	ga1	0
咙	long2	100
咚	dong1	100
咛	ning2	100
咝	si1	100
咡	er4	100
咣	guang1	100
咤	zha4	100
咥	xi4	100
咦	yi2	100
咧	lie3	100
咧	lie1	0
咨	zi1	100
咩	mie1	100
咪	mi1	100
咪	mi3	0
咫	zhi3	100
咬	yao3	100
咯	ka3	50
咯	lo5	50
咯	ge1	0
咯	luo4	0
咱	zan2	100
咳	ke2	100
咳	hai1	0
咴	hui1	100
咸	xian2	100
咺	xuan1	100
咻	xiu1	100
咽	yan4	100
咽	yan1	0
咽	ye4	0
咿	yi1	100
哀	ai1	100
品	pin3	100
哂	shen3	100
哃	tong2	100
哄	hong3	100
哄	hong1	0
哄	hong4	0
哆	duo1	100
哇	wa5	100
哇	wa1	0
哈	ha1	100
哈	ha3	0
哈	ha4	0
哉	zai1	100
哌	pai4	100
响	xiang3	100
哎	ai1	100
哏	gen2	100
哐	kuang1	100
哑	ya3	100
哑	ya1	0
哒	da1	100
哓	xiao1	100
哔	bi4	100
哕	yue3	100
哕	hui4	0
哗	hua1	100
哗	hua2	0
哙	kuai4	100
哚	duo3	100
哝	nong2	100
哞	mou1	100
哟	yo5	100
哟	yo1	0
哢	long4	100
哥	ge1	100
哦	o2	50
哦	o4	50
哦	e2	0
哧	chi1	100
哨	shao4	100
哩	li5	100
哩	li1	0
哪	na3	99
哪	na5	1
哪	ne2	0
哭	ku1	100
哮	xiao4	100
哱	bo1	100
哲	zhe2	100
哳	zha1	100
哺	bu3	100
哼	heng1	100
哼	hng5	0
哽	geng3	100
哿	ge3	100
唁	yan4	100
唆	suo1	100
唇	chun2	100
唉	ai4	100
唉	ai1	0
唏	xi1	100
唐	tang2	100
唑	zuo4	100
唔	wu2	100
唛	mai4	100
唝	hong3	100
唠	lao4	100
唠	lao2	0
唢	suo3	100
唣	zao4	100
唤	huan4	100
唧	ji1	100
唪	feng3	100
唬	hu3	100
售	shou4	100
唯	wei2	100
唰	shua1	100
唱	chang4	100
唳	li4	100
唵	an3	100
唷	yo1	100
唼	sha4	100
唾	tuo4	100
唿	hu1	100
啁	zhao1	50
啁	zhou1	50
啃	ken3	100
啄	zhuo2	100
商	shang1	100
啉	lin2	100
啊	a5	100
啊	a1	0
啊	a2	0
啊	a3	0
啊	a4	0
啐	cui4	100
啕	tao2	100
啖	dan4	100
啜	chuo4	100
啜	chuai4	0
啡	fei1	100
啤	pi2	100
啥	sha2	100
啦	la5	100
啦	la1	0
啧	ze2	100
啪	pa1	100
啫	zhe3	100
啬	se4	100
啭	zhuan4	100
啮	nie4	100
啰	luo5	100
啰	luo1	0
啰	luo2	0
啴	chan3	100
啵	bo5	100
啶	ding4	100
啷	lang1	100
啸	xiao4	100
啻	chi4	100
啼	ti2	100
啾	jiu1	100
喀	ka1	100
喁	yong2	95
喁	yu2	5
喂	wei4	100
喃	nan2	100
善	shan4	100
喆	zhe2	100
喇	la3	100
喈	jie1	100
喉	hou2	100
喊	han3	100
喋	die2	100
喋	zha2	0
喏	nuo4	100
喑	yin1	100
喔	wo1	100
喘	chuan3	100
喙	hui4	100
喜	xi3	100
喝	he1	100
喝	he4	0
喟	kui4	100
喤	huang2	100
喧	xuan1	100
喱	li2	100
喳	zha1	100
喳	cha1	0
喵	miao1	100
喷	pen1	100
喷	pen4	0
喹	kui2	100
喻	yu4	100
喽	lou5	100
喽	lou2	0
喾	ku4	100
嗄	sha4	100
嗅	xiu4	100
嗉	su4	100
嗌	ai4	50
嗌	yi4	50
嗍	suo1	100
嗐	hai4	100
嗑	ke4	100
嗑	ke1	0
嗒	da1	100
嗓	sang3	100
嗔	chen1	100
嗖	sou1	100
嗜	shi4	100
嗝	ge2	100
嗞	zi1	100
嗟	jie1	100
嗡	weng1	100
嗣	si4	100
嗤	chi1	100
嗥	hao2	100
嗦	suo1	100
嗨	hai1	100
嗪	qin2	100
嗫	nie4	100
嗬	he1	100
嗯	ng4	100
嗯	ng2	0
嗯	ng3	0
嗲	dia3	100
嗳	ai3	95
嗳	ai4	5
嗵	tong1	100
嗷	ao2	100
嗽	sou4	100
嗾	sou3	100
嘀	di2	100
嘁	qi1	100
嘈	cao2	100
嘉	jia1	100
嘌	piao4	100
嘎	ga1	100
嘎	ga2	0
嘎	ga3	0
嘏	gu3	100
嘘	xu1	100
嘘	shi1	0
嘚	de1	100
嘚	dei1	0
嘛	ma5	100
嘞	lei5	100
嘟	du1	100
嘡	tang1	100
嘣	beng1	100
嘤	ying1	100
嘧	mi4	100
嘬	zuo1	100
嘭	peng1	100
嘱	zhu3	100
嘲	chao2	100
嘴	zui3	100
嘶	si1	100
嘹	liao2	100
嘻	xi1	100
嘿	hei1	100
噀	xun4	100
噂	zun3	100
噇	chuang2	100
噌	ceng1	100
噍	jiao4	100
噎	ye1	100
噔	deng1	100
噗	pu1	100
噘	jue1	100
噙	qin2	100
噜	lu1	100
噢	o1	100
噤	jin4	100
器	qi4	100
噩	e4	100
噪	zao4	100
噫	yi1	100
噬	shi4	100
噱	xue2	100
噶	ga2	100
噻	sai1	100
噼	pi1	100
嚄	huo1	100
嚅	ru2	100
嚆	hao1	100
嚎	hao2	100
嚏	ti4	100
嚓	ca1	100
嚓	cha1	0
嚚	yin2	100
嚣	xiao1	100
嚭	pi3	100
嚯	huo4	100
嚷	rang3	95
嚷	rang1	5
嚼	jiao2	100
嚼	jiao4	0
嚼	jue2	0
囊	nang2	100
囊	nang1	0
囔	nang1	100
囚	qiu2	100
四	si4	100
回	hui2	100
囟	xin4	100
因	yin1	100
囡	nan1	100
团	tuan2	100
囤	tun2	100
囤	dun4	0
囫	hu2	100
园	yuan2	100
困	kun4	100
囱	cong1	100
围	wei2	100
囵	lun2	100
囷	qun1	100
囹	ling2	100
固	gu4	100
国	guo2	100
图	tu2	100
囿	you4	100
圃	pu3	100
圄	yu3	100
圆	yuan2	100
圈	quan1	100
圈	juan1	0
圈	juan4	0
圉	yu3	100
圊	qing1	100
圌	chui2	100
圐	ku1	100
圙	lve4	100
圜	huan2	95
圜	yuan2	5
土	tu3	100
圢	ting3	100
圣	sheng4	100
在	zai4	100
圩	wei2	95
圩	xu1	5
圪	ge1	100
圫	tuo1	100
圬	wu1	100
圭	gui1	100
圮	pi3	100
圯	yi2	100
地	di4	90
地	de5	10
圲	qian1	100
圳	zhen4	100
圹	kuang4	100
场	chang3	100
场	chang2	0
圻	qi2	100
圾	ji1	100
址	zhi3	100
坂	ban3	100
均	jun1	100
坉	tun2	100
坊	fang1	95
坊	fang2	5
坋	fen4	100
坌	ben4	100
坍	tan1	100
坎	kan3	100
坏	huai4	100
坐	zuo4	100
坑	keng1	100
坒	bi4	100
块	kuai4	100
坚	jian1	100
坛	tan2	100
坜	li4	100
坝	ba4	100
坞	wu4	100
坟	fen2	100
坠	zhui4	100
坡	po1	100
坤	kun1	100
坥	qu1	100
坦	tan3	100
坨	tuo2	100
坩	gan1	100
坪	ping2	100
坫	dian4	100
坬	gua4	50
坬	wa1	50
坭	ni2	100
坯	pi1	100
坰	jiong1	100
坳	ao4	100
坷	ke3	95
坷	ke1	5
坻	di3	100
坼	che4	100
坽	ling2	100
垂	chui2	100
垃	la1	100
垄	long3	100
垆	lu2	100
垈	dai4	100
型	xing2	100
垌	dong4	100
垌	tong2	0
垍	ji4	100
垎	he4	100
垏	lv4	100
垒	lei3	100
垓	gai1	100
垕	hou4	100
垙	guang1	100
垚	yao2	100
垛	duo3	95
垛	duo4	5
垞	cha2	100
垟	yang2	100
垠	yin2	100
垡	fa2	100
垢	gou4	100
垣	yuan2	100
垤	die2	100
垦	ken3	100
垧	shang3	100
垩	e4	100
垫	dian4	100
垭	ya1	100
垮	kua3	100
垯	da5	100
垱	dang4	100
垲	kai3	100
垴	nao3	100
垵	an1	100
垸	yuan4	100
垺	fu2	100
垾	han4	100
垿	xu4	100
埂	geng3	100
埃	ai1	100
埆	que4	100
埇	yong3	100
埋	mai2	100
埋	man2	0
埌	lang4	100
城	cheng2	100
埏	shan1	100
埒	lie4	100
埔	pu3	95
埔	bu4	5
埕	cheng2	100
埗	bu4	100
埘	shi2	100
埙	xun1	100
埚	guo1	100
埝	nian4	100
域	yu4	100
埠	bu4	100
埤	pi4	100
埪	kong1	100
埫	tang3	100
埭	dai4	100
埯	an3	100
埴	zhi2	100
埵	duo3	100
埸	yi4	100
培	pei2	100
基	ji1	100
埼	qi2	100
埽	sao4	100
堂	tang2	100
堃	kun1	100
堆	dui1	100
堇	jin3	100
堉	yu4	100
堋	peng2	100
堌	gu4	100
堍	tu4	100
堎	leng4	100
堐	ya2	100
堑	qian4	100
堕	duo4	100
堙	yin1	100
堞	die2	100
堠	hou4	100
堡	bao3	100
堡	bu3	0
堡	pu4	0
堤	di1	100
堧	ruan2	100
堨	e4	100
堪	kan1	100
堰	yan4	100
堲	ji2	100
堵	du3	100
堼	heng4	100
堽	gang1	100
堾	chun1	100
塄	leng2	100
塅	duan4	100
塆	wan1	100
塌	ta1	100
塍	cheng2	100
塑	su4	100
塔	ta3	100
塘	tang2	100
塝	bang4	100
塞	sai1	100
塞	sai4	0
塞	se4	0
塥	ge2	100
填	tian2	100
塬	yuan2	100
塱	lang3	100
塾	shu2	100
墀	chi2	100
墁	man4	100
境	jing4	100
墅	shu4	100
墈	kan4	100
墉	yong1	100
墐	jin4	100
墒	shang1	100
墓	mu4	100
墕	yan1	100
墘	qian2	100
墙	qiang2	100
墚	liang2	100
增	zeng1	100
墟	xu1	100
墡	shan4	100
墣	pu2	100
墦	fan2	100
墨	mo4	100
墩	dun1	100
墼	ji1	100
壁	bi4	100
壅	yong1	100
壑	he4	100
壕	hao2	100
壤	rang3	100
士	shi4	100
壬	ren2	100
壮	zhuang4	100
声	sheng1	100
壳	ke2	100
壳	qiao4	0
壶	hu2	100
壸	kun3	100
壹	yi1	100
处	chu4	80
处	chu3	20
备	bei4	100
复	fu4	100
夏	xia4	100
夐	xiong4	100
夔	kui2	100
夕	xi1	100
外	wai4	100
夙	su4	100
多	duo1	100
夜	ye4	100
够	gou4	100
夤	yin2	100
夥	huo3	100
大	da4	100
大	dai4	0
天	tian1	100
太	tai4	100
夫	fu1	100
夬	guai4	100
夭	yao1	100
央	yang1	100
夯	hang1	100
失	shi1	100
头	tou2	100
夷	yi2	100
夸	kua1	100
夹	jia1	100
夹	ga1	0
夹	jia2	0
夺	duo2	100
夼	kuang3	100
奁	lian2	100
奂	huan4	100
奄	yan3	100
奇	qi2	100
奇	ji1	0
奈	nai4	100
奉	feng4	100
奋	fen4	100
奎	kui2	100
奏	zou4	100
契	qi4	100
奓	zha1	100
奔	ben1	96
奔	ben4	4
奕	yi4	100
奖	jiang3	100
套	tao4	100
奘	zang4	100
奘	zhuang3	0
奚	xi1	100
奠	dian4	100
奡	ao4	100
奢	she1	100
奥	ao4	100
奭	shi4	100
女	nv3	100
奴	nu2	100
奶	nai3	100
奸	jian1	100
她	ta1	100
好	hao3	99
好	hao4	1
妁	shuo4	100
如	ru2	100
妃	fei1	100
妄	wang4	100
妆	zhuang1	100
妇	fu4	100
妈	ma1	100
妊	ren4	100
妍	yan2	100
妒	du4	100
妓	ji4	100
妖	yao1	100
妗	jin4	100
妘	yun2	100
妙	miao4	100
妞	niu1	100
妣	bi3	100
妤	yu2	100
妥	tuo3	100
妧	yuan2	100
妨	fang2	100
妩	wu3	100
妪	yu4	100
妫	gui1	100
妭	ba2	100
妮	ni1	100
妯	zhou2	100
妲	da2	100
妹	mei4	100
妻	qi1	100
妾	qie4	100
姆	mu3	100
姈	ling2	100
姊	zi3	100
始	shi3	100
姐	jie3	100
姑	gu1	100
姒	si4	100
姓	xing4	100
委	wei3	100
姗	shan1	100
姘	pin1	100
姚	yao2	100
姜	jiang1	100
姝	shu1	100
姞	ji2	100
姣	jiao1	100
姤	gou4	100
姥	lao3	100
姨	yi2	100
姬	ji1	100
姮	heng2	100
姱	kua1	100
姶	e4	100
姹	cha4	100
姻	yin1	100
姽	gui3	100
姿	zi1	100
娀	song1	100
威	wei1	100
娃	wa2	100
娄	lou2	100
娅	ya4	100
娆	rao2	100
娇	jiao1	100
娈	luan2	100
娉	ping1	100
娌	li3	100
娑	suo1	100
娓	wei3	100
娘	niang2	100
娜	na4	100
娜	nuo2	0
娟	juan1	100
娠	shen1	100
娣	di4	100
娥	e2	100
娩	mian3	100
娱	yu2	100
娲	wa1	100
娴	xian2	100
娵	ju1	100
娶	qu3	100
娼	chang1	100
婀	e1	100
婆	po2	100
婉	wan3	100
婊	biao3	100
婌	shu2	100
婍	qi3	100
婕	jie2	100
婘	quan2	100
婚	hun1	100
婞	xing4	100
婠	wan1	100
婢	bi4	100
婤	zhou1	100
婧	jing4	100
婪	lan2	100
婫	kun1	100
婳	hua4	100
婴	ying1	100
婵	chan2	100
婶	shen3	100
婷	ting2	100
婺	wu4	100
婻	nan4	100
婼	ruo4	100
婿	xu4	100
媂	di4	100
媄	mei3	100
媆	ruan3	100
媒	mei2	100
媓	huang2	100
媖	ying1	100
媚	mei4	100
媛	yuan2	100
媛	yuan4	0
媞	shi4	100
媪	ao3	100
媭	xu1	100
媱	yao2	100
媲	pi4	100
媳	xi2	100
媵	ying4	100
媸	chi1	100
媾	gou4	100
嫁	jia4	100
嫂	sao3	100
嫄	yuan2	100
嫉	ji2	100
嫌	xian2	100
嫒	ai4	100
嫔	pin2	100
嫕	yi4	100
嫖	piao2	100
嫘	lei2	100
嫚	man4	95
嫚	man1	5
嫜	zhang1	100
嫠	li2	100
嫡	di2	100
嫣	yan1	100
嫦	chang2	100
嫩	nen4	100
嫪	lao4	100
嫫	mo2	100
嫭	hu4	100
嫱	qiang2	100
嫽	liao2	100
嬉	xi1	100
嬖	bi4	100
嬗	shan4	100
嬛	xuan1	100
嬥	tiao3	100
嬬	ru2	100
嬴	ying2	100
嬷	mo2	100
嬿	yan4	100
孀	shuang1	100
孅	xian1	100
子	zi3	100
孑	jie2	100
孓	jue2	100
孔	kong3	100
孕	yun4	100
孖	zi1	100
字	zi4	100
存	cun2	100
孙	sun1	100
孚	fu2	100
孛	bei4	100
孜	zi1	100
孝	xiao4	100
孟	meng4	100
孢	bao1	100
季	ji4	100
孤	gu1	100
孥	nu2	100
学	xue2	100
孩	hai2	100
孪	luan2	100
孬	nao1	100
孰	shu2	100
孱	chan2	100
孳	zi1	100
孵	fu1	100
孺	ru2	100
孽	nie4	100
宁	ning2	100
宁	ning4	0
它	ta1	100
宄	gui3	100
宅	zhai2	100
宇	yu3	100
守	shou3	100
安	an1	100
宋	song4	100
完	wan2	100
宏	hong2	100
宓	mi4	100
宓	fu2	0
宕	dang4	100
宗	zong1	100
官	guan1	100
宙	zhou4	100
定	ding4	100
宛	wan3	100
宜	yi2	100
宝	bao3	100
实	shi2	100
宠	chong3	100
审	shen3	100
客	ke4	100
宣	xuan1	100
室	shi4	100
宥	you4	100
宦	huan4	100
宧	yi2	100
宪	xian4	100
宫	gong1	100
宬	cheng2	100
宰	zai3	100
害	hai4	100
宴	yan4	100
宵	xiao1	100
家	jia1	100
家	jia5	0
宸	chen2	100
容	rong2	100
宽	kuan1	100
宾	bin1	100
宿	su4	100
宿	xiu3	0
宿	xiu4	0
寁	zan3	100
寂	ji4	100
寄	ji4	100
寅	yin2	100
密	mi4	100
寇	kou4	100
富	fu4	100
寐	mei4	100
寒	han2	100
寓	yu4	100
寝	qin3	100
寞	mo4	100
察	cha2	100
寡	gua3	100
寤	wu4	100
寥	liao2	100
寨	zhai4	100
寮	liao2	100
寰	huan2	100
寸	cun4	100
对	dui4	100
寺	si4	100
寻	xun2	100
导	dao3	100
寿	shou4	100
封	feng1	100
射	she4	100
将	jiang1	100
将	jiang4	0
尉	wei4	97
尉	yu4	3
尊	zun1	100
小	xiao3	100
少	shao3	100
少	shao4	0
尔	er3	100
尕	ga3	100
尖	jian1	100
尘	chen2	100
尚	shang4	100
尜	ga2	100
尝	chang2	100
尢	wang1	100
尤	you2	100
尥	liao4	100
尧	yao2	100
尨	mang2	100
尪	wang1	100
尬	ga4	100
就	jiu4	100
尴	gan1	100
尸	shi1	100
尹	yin3	100
尺	chi3	100
尺	che3	0
尻	kao1	100
尼	ni2	100
尽	jin4	100
尽	jin3	0
尾	wei3	100
尾	yi3	0
尿	niao4	100
尿	sui1	0
局	ju2	100
屁	pi4	100
层	ceng2	100
屃	xi4	100
居	ju1	100
屈	qu1	100
屉	ti4	100
届	jie4	100
屋	wu1	100
屎	shi3	100
屏	ping2	100
屏	bing3	0
屐	ji1	100
屑	xie4	100
展	zhan3	100
屙	e1	100
属	shu3	100
屠	tu2	100
屡	lv3	100
屣	xi3	100
履	lv3	100
屦	ju4	100
屯	tun2	100
山	shan1	100
屹	yi4	100
屺	qi3	100
屼	wu4	100
屾	shen1	100
屿	yu3	100
岁	sui4	100
岂	qi3	100
岈	ya2	100
岊	jie2	100
岌	ji2	100
岍	qian1	100
岐	qi2	100
岑	cen2	100
岔	cha4	100
岖	qu1	100
岗	gang3	100
岗	gang1	0
岘	xian4	100
岙	ao4	100
岚	lan2	100
岛	dao3	100
岜	ba1	100
岞	zuo4	100
岠	ju4	100
岢	ke3	100
岣	gou3	100
岨	ju1	100
岨	qu1	0
岩	yan2	100
岫	xiu4	100
岬	jia3	100
岭	ling3	100
岱	dai4	100
岳	yue4	100
岵	hu4	100
岷	min2	100
岸	an4	100
岽	dong1	100
岿	kui1	100
峁	mao3	100
峂	tong2	100
峃	xue2	100
峄	yi4	100
峋	xun2	100
峒	tong2	95
峒	dong4	5
峗	wei2	100
峘	huan2	100
峙	zhi4	99
峙	shi4	1
峛	lie4	100
峡	xia2	100
峣	yao2	100
峤	jiao4	100
峤	qiao2	0
峥	zheng1	100
峦	luan2	100
峧	jiao1	100
峨	e2	100
峪	yu4	100
峭	qiao4	100
峰	feng1	100
峱	nao2	100
峻	jun4	100
峿	wu2	100
崀	lang4	100
崁	kan4	100
崂	lao2	100
崃	lai2	100
崄	xian3	100
崆	kong1	100
崇	chong2	100
崌	ju1	100
崎	qi2	100
崒	zu2	100
崔	cui1	100
崖	ya2	100
崚	leng2	100
崛	jue2	100
崞	guo1	100
崟	yin2	100
崡	han2	100
崤	xiao2	100
崦	yan1	100
崧	song1	100
崩	beng1	100
崭	zhan3	100
崮	gu4	100
崴	wai3	100
崶	feng1	100
崽	zai3	100
崾	yao4	100
崿	e4	100
嵁	kan1	100
嵅	han2	100
嵇	ji1	100
嵊	sheng4	100
嵋	mei2	100
嵌	qian4	100
嵎	yu2	100
嵖	cha2	100
嵘	rong2	100
嵚	qin1	100
嵛	yu2	100
嵝	lou3	100
嵩	song1	100
嵫	zi1	100
嵬	wei2	100
嵯	cuo2	100
嵲	nie4	100
嵴	ji2	100
嶂	zhang4	100
嶅	ao2	100
嶍	xi2	100
嶒	ceng2	100
嶓	bo1	100
嶙	lin2	100
嶝	deng4	100
嶟	zun1	100
嶦	shan4	100
嶲	xi1	100
嶷	yi2	100
巅	dian1	100
巇	xi1	100
巉	chan2	100
巍	wei1	100
川	chuan1	100
州	zhou1	100
巡	xun2	100
巢	chao2	100
工	gong1	100
左	zuo3	100
巧	qiao3	100
巨	ju4	100
巩	gong3	100
巫	wu1	100
差	cha4	95
差	cha1	3
差	chai1	2
差	ci1	0
巯	qiu2	100
己	ji3	100
已	yi3	100
巳	si4	100
巴	ba1	100
巷	xiang4	100
巷	hang4	0
巽	xun4	100
巾	jin1	100
币	bi4	100
市	shi4	100
布	bu4	100
帅	shuai4	100
帆	fan1	100
师	shi1	100
希	xi1	100
帏	wei2	100
帐	zhang4	100
帑	tang3	100
帔	pei4	100
帕	pa4	100
帖	tie3	95
帖	tie4	4
帖	tie1	1
帘	lian2	100
帙	zhi4	100
帚	zhou3	100
帛	bo2	100
帜	zhi4	100
帝	di4	100
帡	ping2	100
带	dai4	100
帧	zhen1	100
帨	shui4	100
席	xi2	100
帮	bang1	100
帱	chou2	100
帱	dao4	0
帷	wei2	100
常	chang2	100
帻	ze2	100
帼	guo2	100
帽	mao4	100
幂	mi4	100
幄	wo4	100
幅	fu2	100
幌	huang3	100
幔	man4	100
幕	mu4	100
幖	biao1	100
幛	zhang4	100
幞	fu2	100
幡	fan1	100
幢	zhuang4	100
幢	chuang2	0
幪	meng2	100
干	gan4	80
干	gan1	20
平	ping2	100
年	nian2	100
并	bing4	100
并	bing1	0
幸	xing4	100
幺	yao1	100
幻	huan4	100
幼	you4	100
幽	you1	100
广	guang3	100
庄	zhuang1	100
庆	qing4	100
庇	bi4	100
床	chuang2	100
庋	gui3	100
序	xu4	100
庐	lu2	100
庑	wu3	100
库	ku4	100
应	ying1	95
应	ying4	5
底	di3	100
庖	pao2	100
店	dian4	100
庙	miao4	100
庚	geng1	100
府	fu3	100
庞	pang2	100
废	fei4	100
庠	xiang2	100
庤	zhi4	100
庥	xiu1	100
度	du4	100
度	duo2	0
座	zuo4	100
庭	ting2	100
庱	cheng3	100
庳	bi4	100
庵	an1	100
庶	shu4	100
康	kang1	100
庸	yong1	100
庹	tuo3	100
庼	qing3	100
庾	yu3	100
廆	wei3	100
廉	lian2	100
廊	lang2	100
廋	sou1	100
廑	jin3	100
廒	ao2	100
廓	kuo4	100
廖	liao4	100
廙	yi4	100
廛	chan2	100
廨	xie4	100
廪	lin3	100
延	yan2	100
廷	ting2	100
建	jian4	100
廿	nian4	100
开	kai1	100
弁	bian4	100
异	yi4	100
弃	qi4	100
弄	nong4	100
弄	long4	0
弆	ju3	100
弇	yan3	100
弈	yi4	100
弊	bi4	100
弋	yi4	100
式	shi4	100
弑	shi4	100
弓	gong1	100
引	yin3	100
弗	fu2	100
弘	hong2	100
弛	chi2	100
弟	di4	100
张	zhang1	100
弢	tao1	100
弥	mi2	100
弦	xian2	100
弧	hu2	100
弨	chao1	100
弩	nu3	100
弭	mi3	100
弯	wan1	100
弱	ruo4	100
弶	jiang4	100
弸	peng2	100
弹	tan2	95
弹	dan4	5
强	qiang2	100
强	jiang4	0
强	qiang3	0
弼	bi4	100
彀	gou4	100
归	gui1	100
当	dang1	99
当	dang4	1
录	lu4	100
彖	tuan4	100
彗	hui4	100
彘	zhi4	100
彝	yi2	100
彟	yue1	100
形	xing2	100
彤	tong2	100
彦	yan4	100
彧	yu4	100
彩	cai3	100
彪	biao1	100
彬	bin1	100
彭	peng2	100
彰	zhang1	100
影	ying3	100
彳	chi4	100
彷	pang2	100
役	yi4	100
彻	che4	100
彼	bi3	100
往	wang3	100
征	zheng1	100
徂	cu2	100
径	jing4	100
待	dai4	90
待	dai1	10
徇	xun4	100
很	hen3	100
徉	yang2	100
徊	huai2	100
律	lv4	100
徐	xu2	100
徒	tu2	100
徕	lai2	100
得	de5	80
得	de2	19
得	dei3	1
徘	pai2	100
徙	xi3	100
徛	ji4	100
徜	chang2	100
御	yu4	100
徨	huang2	100
循	xun2	100
徭	yao2	100
微	wei1	100
徵	zhi3	100
德	de2	100
徼	jiao4	100
徽	hui1	100
心	xin1	100
必	bi4	100
忆	yi4	100
忉	dao1	100
忌	ji4	100
忍	ren3	100
忏	chan4	100
忐	tan3	100
忑	te4	100
忒	tui1	100
忖	cun3	100
志	zhi4	100
忘	wang4	100
忙	mang2	100
忝	tian3	100
忞	min2	100
忠	zhong1	100
忡	chong1	100
忤	wu3	100
忧	you1	100
忪	song1	100
快	kuai4	100
忭	bian4	100
忮	zhi4	100
忱	chen2	100
忳	tun2	100
念	nian4	100
忸	niu3	100
忺	xian1	100
忻	xin1	100
忽	hu1	100
忾	kai4	100
忿	fen4	100
怀	huai2	100
态	tai4	100
怂	song3	100
怃	wu3	100
怄	ou4	100
怅	chang4	100
怆	chuang4	100
怊	chao1	100
怍	zuo4	100
怎	zen3	100
怏	yang4	100
怒	nu4	100
怔	zheng4	100
怕	pa4	100
怖	bu4	100
怙	hu4	100
怛	da2	100
怜	lian2	100
思	si1	100
怠	dai4	100
怡	yi2	100
急	ji2	100
怦	peng1	100
性	xing4	100
怨	yuan4	100
怩	ni2	100
怪	guai4	100
怫	fu2	100
怯	qie4	100
怵	chu4	100
总	zong3	100
怼	dui4	100
怿	yi4	100
恁	nen4	100
恂	xun2	100
恃	shi4	100
恋	lian4	100
恍	huang3	100
恐	kong3	100
恒	heng2	100
恓	xi1	100
恔	jiao3	100
恕	shu4	100
恙	yang4	100
恚	hui4	100
恝	jia2	100
恢	hui1	100
恣	zi4	100
恤	xu4	100
恧	nv4	100
恨	hen4	100
恩	en1	100
恪	ke4	100
恫	dong4	100
恬	tian2	100
恭	gong1	100
息	xi1	100
恰	qia4	100
恳	ken3	100
恶	e4	100
恶	e3	0
恶	wu4	0
恸	tong4	100
恹	yan1	100
恺	kai3	100
恻	ce4	100
恼	nao3	100
恽	yun4	100
恿	yong3	100
悃	kun3	100
悄	qiao1	90
悄	qiao3	10
悆	yu4	100
悈	jie4	100
悉	xi1	100
悌	ti4	100
悍	han4	100
悒	yi4	100
悔	hui3	100
悖	bei4	100
悚	song3	100
悛	quan1	100
悝	kui1	100
悟	wu4	100
悠	you1	100
悢	liang4	100
患	huan4	100
悦	yue4	100
您	nin2	100
悫	que4	100
悬	xuan2	100
悭	qian1	100
悯	min3	100
悰	cong2	100
悱	fei3	100
悲	bei1	100
悴	cui4	100
悸	ji4	100
悻	xing4	100
悼	dao4	100
情	qing2	100
惆	chou2	100
惇	dun1	100
惊	jing1	100
惋	wan3	100
惎	ji4	100
惑	huo4	100
惔	tan2	100
惕	ti4	100
惘	wang3	100
惙	chuo4	100
惚	hu1	100
惛	hun1	100
惜	xi1	100
惝	chang3	100
惟	wei2	100
惠	hui4	100
惦	dian4	100
惧	ju4	100
惨	can3	100
惩	cheng2	100
惫	bei4	100
惬	qie4	100
惭	can2	100
惮	dan4	100
惯	guan4	100
惰	duo4	100
想	xiang3	100
惴	zhui4	100
惶	huang2	100
惹	re3	100
惺	xing1	100
愀	qiao3	100
愁	chou2	100
愃	xuan1	100
愆	qian1	100
愈	yu4	100
愉	yu2	100
愍	min3	100
愎	bi4	100
意	yi4	100
愐	mian3	100
愔	yin1	100
愕	e4	100
愚	yu2	100
感	gan3	100
愠	yun4	100
愣	leng4	100
愤	fen4	100
愦	kui4	100
愧	kui4	100
愫	su4	100
愭	qi2	100
愿	yuan4	100
慆	tao1	100
慈	ci2	100
慊	qian4	50
慊	qie4	50
慌	huang1	100
慎	shen4	100
慑	she4	100
慕	mu4	100
慝	te4	100
慢	man4	100
慥	zao4	100
慧	hui4	100
慨	kai3	100
慬	qin2	100
慭	yin4	100
慰	wei4	100
慵	yong1	100
慷	kang1	100
憋	bie1	100
憎	zeng1	100
憔	qiao2	100
憕	cheng2	100
憙	xi3	100
憧	chong1	100
憨	han1	100
憩	qi4	100
憬	jing3	100
憭	liao3	100
憷	chu4	100
憺	dan4	100
憾	han4	100
懂	dong3	100
懈	xie4	100
懊	ao4	100
懋	mao4	100
懑	men4	100
懒	lan3	100
懔	lin3	100
懦	nuo4	100
懵	meng3	100
懿	yi4	100
戆	zhuang4	100
戆	gang4	0
戈	ge1	100
戊	wu4	100
戋	jian1	100
戌	xu1	100
戌	qu5	0
戍	shu4	100
戎	rong2	100
戏	xi4	100
成	cheng2	100
我	wo3	100
戒	jie4	100
戕	qiang1	100
或	huo4	100
戗	qiang1	95
戗	qiang4	5
战	zhan4	100
戚	qi1	100
戛	jia2	90
戛	ga1	10
戟	ji3	100
戡	kan1	100
戢	ji2	100
戣	kui2	100
戤	gai4	100
戥	deng3	100
截	jie2	100
戬	jian3	100
戭	yan3	100
戮	lu4	100
戳	chuo1	100
戴	dai4	100
户	hu4	100
戽	hu4	100
戾	li4	100
房	fang2	100
所	suo3	100
扁	bian3	100
扁	pian1	0
扂	dian4	100
扃	jiong1	100
扅	yi2	100
扆	yi3	100
扇	shan4	60
扇	shan1	40
扈	hu4	100
扉	fei1	100
扊	yan3	100
手	shou3	100
才	cai2	100
扎	zha1	90
扎	za1	10
扎	zha2	0
扑	pu1	100
扒	ba1	100
扒	pa2	0
打	da3	100
打	da2	0
扔	reng1	100
托	tuo1	100
扛	kang2	100
扛	gang1	0
扞	han4	100
扣	kou4	100
扦	qian1	100
执	zhi2	100
扩	kuo4	100
扪	men2	100
扫	sao3	100
扫	sao4	0
扬	yang2	100
扭	niu3	100
扮	ban4	100
扯	che3	100
扰	rao3	100
扳	ban1	100
扶	fu2	100
批	pi1	100
扺	zhi3	100
扼	e4	100
扽	den4	100
找	zhao3	100
承	cheng2	100
技	ji4	100
抃	bian4	100
抄	chao1	100
抉	jue2	100
把	ba3	100
把	ba4	0
抑	yi4	100
抒	shu1	100
抓	zhua1	100
抔	pou2	100
投	tou2	100
抖	dou3	100
抗	kang4	100
折	zhe2	100
折	she2	0
折	zhe1	0
抚	fu3	100
抛	pao1	100
抟	tuan2	100
抠	kou1	100
抡	lun1	100
抢	qiang3	100
抢	qiang1	0
护	hu4	100
报	bao4	100
抨	peng1	100
披	pi1	100
抬	tai2	100
抱	bao4	100
抵	di3	100
抹	mo3	100
抹	ma1	0
抹	mo4	0
抻	chen1	100
押	ya1	100
抽	chou1	100
抿	min3	100
拂	fu2	100
拃	zha3	100
拄	zhu3	100
担	dan1	100
担	dan4	0
拆	chai1	100
拇	mu3	100
拈	nian1	100
拉	la1	100
拉	la2	0
拊	fu3	100
拌	ban4	100
拍	pai1	100
拎	lin1	100
拐	guai3	100
拒	ju4	100
拓	tuo4	95
拓	ta4	5
拔	ba2	100
拖	tuo1	100
拗	ao4	50
拗	niu4	50
拘	ju1	100
拙	zhuo1	100
招	zhao1	100
拜	bai4	100
拜	bai2	0
拟	ni3	100
拢	long3	100
拣	jian3	100
拤	qia2	100
拥	yong1	100
拦	lan2	100
拧	ning3	95
拧	ning2	5
拧	ning4	0
拨	bo1	100
择	ze2	95
择	zhai2	5
括	kuo4	100
拭	shi4	100
拮	jie2	100
拯	zheng3	100
拱	gong3	100
拳	quan2	100
拴	shuan1	100
拶	zan3	96
拶	za1	4
拷	kao3	100
拼	pin1	100
拽	zhuai4	100
拾	shi2	100
拾	she4	0
拿	na2	100
持	chi2	100
挂	gua4	100
指	zhi3	100
挈	qie4	100
按	an4	100
挎	kua4	100
挑	tiao1	95
挑	tiao3	5
挓	zha1	100
挖	wa1	100
挚	zhi4	100
挛	luan2	100
挝	wo1	100
挞	ta4	100
挟	xie2	100
挠	nao2	100
挡	dang3	100
挡	dang4	0
挣	zheng4	100
挣	zheng1	0
挤	ji3	100
挥	hui1	100
挦	xian2	100
挨	ai2	80
挨	ai1	20
挪	nuo2	100
挫	cuo4	100
振	zhen4	100
挲	suo1	100
挲	sa1	0
挹	yi4	100
挺	ting3	100
挽	wan3	100
捂	wu3	100
捃	jun4	100
捅	tong3	100
捆	kun3	100
捉	zhuo1	100
捋	lv3	90
捋	luo1	10
捌	ba1	100
捍	han4	100
捎	shao1	100
捎	shao4	0
捏	nie1	100
捐	juan1	100
捕	bu3	100
捞	lao1	100
损	sun3	100
捡	jian3	100
换	huan4	100
捣	dao3	100
捧	peng3	100
捩	lie4	100
捭	bai3	100
据	ju4	100
据	ju1	0
捯	dao2	100
捶	chui2	100
捷	jie2	100
捺	na4	100
捻	nian3	100
捽	zuo2	100
掀	xian1	100
掂	dian1	100
掇	duo1	100
授	shou4	100
掉	diao4	100
掊	pou2	95
掊	pou3	5
掌	zhang3	100
掎	ji3	100
掏	tao1	100
掐	qia1	100
排	pai2	100
排	pai3	0
掖	ye4	100
掖	ye1	0
掘	jue2	100
掞	yan4	100
掠	lve4	100
探	tan4	100
掣	che4	100
接	jie1	100
控	kong4	100
推	tui1	100
掩	yan3	100
措	cuo4	100
掬	ju1	100
掭	tian4	100
掮	qian2	100
掰	bai1	100
掳	lu3	100
掴	guai1	100
掷	zhi4	100
掸	dan3	100
掺	chan1	100
掼	guan4	100
掾	yuan4	100
揄	yu2	100
揆	kui2	100
揉	rou2	100
揍	zou4	100
描	miao2	100
提	ti2	100
提	di1	0
插	cha1	100
揕	zhen4	100
揖	yi1	100
揠	ya4	100
握	wo4	100
揣	chuai1	100
揣	chuai3	0
揣	chuai4	0
揩	kai1	100
揪	jiu1	100
揭	jie1	100
揳	xie1	100
援	yuan2	100
揶	ye2	100
揸	zha1	100
揽	lan3	100
揿	qin4	100
搀	chan1	100
搁	ge1	100
搁	ge2	0
搂	lou3	99
搂	lou1	1
搅	jiao3	100
搋	chuai1	100
搌	zhan3	100
搏	bo2	100
搐	chu4	100
搒	bang4	50
搒	peng2	50
搓	cuo1	100
搔	sao1	100
搛	jian1	100
搜	sou1	100
搞	gao3	100
搠	shuo4	100
搡	sang3	100
搦	nuo4	100
搪	tang2	100
搬	ban1	100
搭	da1	100
搴	qian1	100
携	xie2	100
搽	cha2	100
摁	en4	100
摄	she4	100
摅	shu1	100
摆	bai3	100
摇	yao2	100
摈	bin4	100
摊	tan1	100
摏	chong1	100
摒	bing4	100
摔	shuai1	100
摘	zhai1	100
摛	chi1	100
摞	luo4	100
摧	cui1	100
摩	mo2	100
摩	ma1	0
摭	zhi2	100
摴	chu1	100
摸	mo1	100
摹	mo2	100
摽	biao4	100
撂	liao4	100
撄	ying1	100
撅	jue1	100
撇	pie3	100
撇	pie1	0
撑	cheng1	100
撒	sa3	100
撒	sa1	0
撕	si1	100
撖	han4	100
撙	zun3	100
撞	zhuang4	100
撤	che4	100
撩	liao1	95
撩	liao2	5
撬	qiao4	100
播	bo1	100
撮	cuo1	95
撮	zuo3	5
撰	zhuan4	100
撵	nian3	100
撷	xie2	100
撸	lu1	100
撺	cuan1	100
撼	han4	100
擀	gan3	100
擂	lei2	100
擂	lei4	0
擅	shan4	100
操	cao1	100
擎	qing2	100
擐	huan4	100
擒	qin2	100
擘	bo4	100
擞	sou3	100
擞	sou4	0
擢	zhuo2	100
擤	xing3	100
擦	ca1	100
擿	ti1	100
攀	pan1	100
攉	huo1	100
攒	zan3	100
攒	cuan2	0
攘	rang3	100
攥	zuan4	100
攫	jue2	100
攮	nang3	100
支	zhi1	100
收	shou1	100
攸	you1	100
改	gai3	100
攻	gong1	100
攽	ban1	100
放	fang4	100
政	zheng4	100
故	gu4	100
效	xiao4	100
敉	mi3	100
敌	di2	100
敏	min3	100
救	jiu4	100
敔	yu3	100
敕	chi4	100
敖	ao2	100
教	jiao1	99
教	jiao4	1
敛	lian3	100
敝	bi4	100
敞	chang3	100
敢	gan3	100
散	san3	95
散	san4	5
敦	dun1	100
敩	xiao4	100
敫	jiao3	100
敬	jing4	100
数	shu4	80
数	shu3	20
数	shuo4	0
敲	qiao1	100
整	zheng3	100
敷	fu1	100
文	wen2	100
斋	zhai1	100
斌	bin1	100
斐	fei3	100
斑	ban1	100
斓	lan2	100
斗	dou4	95
斗	dou3	5
料	liao4	100
斛	hu2	100
斜	xie2	100
斝	jia3	100
斟	zhen1	100
斠	jiao4	100
斡	wo4	100
斤	jin1	100
斥	chi4	100
斧	fu3	100
斩	zhan3	100
斫	zhuo2	100
断	duan4	100
斯	si1	100
新	xin1	100
斶	chu4	100
方	fang1	100
於	yu2	100
於	yu1	0
施	shi1	100
旁	pang2	100
旃	zhan1	100
旄	mao2	100
旅	lv3	100
旆	pei4	100
旋	xuan2	95
旋	xuan4	5
旌	jing1	100
旎	ni3	100
族	zu2	100
旐	zhao4	100
旒	liu2	100
旖	yi3	100
旗	qi2	100
旞	sui4	100
无	wu2	100
无	mo2	0
既	ji4	100
日	ri4	100
旦	dan4	100
旧	jiu4	100
旨	zhi3	100
早	zao3	100
旬	xun2	100
旭	xu4	100
旮	ga1	100
旯	la2	100
旰	gan4	100
旱	han4	100
旴	xu1	100
旵	chan3	100
时	shi2	100
旷	kuang4	100
旸	yang2	100
旺	wang4	100
旻	min2	100
旿	wu3	100
昀	yun2	100
昂	ang2	100
昃	ze4	100
昄	ban3	100
昆	kun1	100
昇	sheng1	100
昈	hu4	100
昉	fang3	100
昊	hao4	100
昌	chang1	100
明	ming2	100
昏	hun1	100
昒	hu1	100
易	yi4	100
昔	xi1	100
昕	xin1	100
昙	tan2	100
昝	zan3	100
星	xing1	100
映	ying4	100
昡	xuan4	100
昣	zhen3	100
昤	ling2	100
春	chun1	100
昧	mei4	100
昨	zuo2	100
昪	bian4	100
昫	xu4	100
昭	zhao1	100
是	shi4	100
昱	yu4	100
昳	die2	100
昴	mao3	100
昵	ni4	100
昶	chang3	100
昺	bing3	100
昼	zhou4	100
昽	long2	100
显	xian3	100
晁	chao2	100
晃	huang4	100
晃	huang3	0
晅	xuan3	100
晊	zhi4	100
晋	jin4	100
晌	shang3	100
晏	yan4	100
晐	gai1	100
晒	shai4	100
晓	xiao3	100
晔	ye4	100
晕	yun1	100
晕	yun4	0
晖	hui1	100
晗	han2	100
晙	jun4	100
晚	wan3	100
晞	xi1	100
晟	cheng2	100
晡	bu1	100
晢	zhe2	100
晤	wu4	100
晦	hui4	100
晨	chen2	100
晪	tian3	100
晫	zhuo2	100
普	pu3	100
景	jing3	100
晰	xi1	100
晱	shan3	100
晴	qing2	100
晶	jing1	100
晷	gui3	100
智	zhi4	100
晾	liang4	100
暂	zan4	100
暄	xuan1	100
暅	geng4	100
暇	xia2	100
暌	kui2	100
暑	shu3	100
暕	jian3	100
暖	nuan3	100
暗	an4	100
暝	ming2	100
暧	ai4	100
暨	ji4	100
暮	mu4	100
暲	zhang1	100
暴	bao4	100
暵	han4	100
暶	xuan2	100
暹	xian1	100
暾	tun1	100
暿	xi1	100
曈	tong2	100
曌	zhao4	100
曙	shu3	100
曛	xun1	100
曜	yao4	100
曝	bao4	100
曝	pu4	0
曦	xi1	100
曩	nang3	100
曰	yue1	100
曲	qu3	100
曲	qu1	0
曳	ye4	100
更	geng4	100
更	geng1	0
曷	he2	100
曹	cao2	100
曼	man4	100
曾	ceng2	99
曾	zeng1	1
替	ti4	100
最	zui4	100
月	yue4	100
有	you3	100
朋	peng2	100
服	fu2	100
服	fu4	0
朏	fei3	100
朐	qu2	100
朓	tiao3	100
朔	shuo4	100
朕	zhen4	100
朗	lang3	100
望	wang4	100
朝	chao2	100
朝	zhao1	0
期	qi1	100
期	ji1	0
朦	meng2	100
木	mu4	100
未	wei4	100
末	mo4	100
本	ben3	100
札	zha2	100
术	shu4	100
术	zhu2	0
朱	zhu1	100
朳	ba1	100
朴	piao2	100
朴	po4	0
朴	pu3	0
朵	duo3	100
朸	li4	100
机	ji1	100
朽	xiu3	100
杀	sha1	100
杂	za2	100
权	quan2	100
杄	qian1	100
杆	gan1	50
杆	gan3	50
杈	cha1	98
杈	cha4	2
杉	shan1	100
杉	sha1	0
杌	wu4	100
李	li3	100
杏	xing4	100
材	cai2	100
村	cun1	100
杓	biao1	100
杕	di4	100
杖	zhang4	100
杙	yi4	100
杜	du4	100
杞	qi3	100
束	shu4	100
杠	gang4	100
条	tiao2	100
来	lai2	100
杧	mang2	100
杨	yang2	100
杩	ma4	100
杪	miao3	100
杭	hang2	100
杯	bei1	100
杰	jie2	100
杲	gao3	100
杳	yao3	100
杵	chu3	100
杷	pa2	100
杻	chou3	50
杻	niu3	50
杼	zhu4	100
松	song1	100
板	ban3	100
极	ji2	100
构	gou4	100
枅	ji1	100
枇	pi2	100
枉	wang3	100
枋	fang1	100
枍	yi4	100
析	xi1	100
枕	zhen3	100
林	lin2	100
枘	rui4	100
枚	mei2	100
果	guo3	100
枝	zhi1	100
枞	cong1	95
枞	zong1	5
枢	shu1	100
枣	zao3	100
枥	li4	100
枧	jian3	100
枨	cheng2	100
枪	qiang1	100
枫	feng1	100
枭	xiao1	100
枯	ku1	100
枰	ping2	100
枲	xi3	100
枳	zhi3	100
枵	xiao1	100
架	jia4	100
枷	jia1	100
枸	gou3	90
枸	ju3	10
枸	gou1	0
枹	bao1	100
柁	tuo2	100
柃	ling2	100
柄	bing3	100
柈	ban4	100
柊	zhong1	100
柏	bai3	95
柏	bo2	5
某	mou3	100
柑	gan1	100
柒	qi1	100
染	ran3	100
柔	rou2	100
柖	shao2	100
柘	zhe4	100
柙	xia2	100
柚	you4	100
柚	you2	0
柜	gui4	100
柜	ju3	0
柝	tuo4	100
柞	zuo4	95
柞	zha4	5
柠	ning2	100
柢	di3	100
查	cha2	100
查	zha1	0
柩	jiu4	100
柬	jian3	100
柯	ke1	100
柰	nai4	100
柱	zhu4	100
柳	liu3	100
柴	chai2	100
柷	zhu4	100
柽	cheng1	100
柿	shi4	100
栀	zhi1	100
栅	shan1	50
栅	zha4	50
标	biao1	100
栈	zhan4	100
栉	zhi4	100
栊	long2	100
栋	dong4	100
栌	lu2	100
栎	li4	100
栎	yue4	0
栏	lan2	100
栐	yong3	100
树	shu4	100
栒	xun2	100
栓	shuan1	100
栖	qi1	100
栗	li4	100
栝	gua1	100
栟	ben1	100
校	xiao4	100
校	jiao4	0
栩	xu3	100
株	zhu1	100
栲	kao3	100
栳	lao3	100
栴	zhan1	100
样	yang4	100
核	he2	100
核	hu2	0
根	gen1	100
栻	shi4	100
格	ge2	100
栽	zai1	100
栾	luan2	100
桀	jie2	100
桁	heng2	100
桂	gui4	100
桃	tao2	100
桄	guang1	50
桄	guang4	50
桅	wei2	100
框	kuang4	100
案	an4	100
桉	an1	100
桊	juan4	100
桌	zhuo1	100
桎	zhi4	100
桐	tong2	100
桑	sang1	100
桓	huan2	100
桔	jie2	100
桕	jiu4	100
桠	ya1	100
桡	rao2	100
桢	zhen1	100
档	dang4	100
桤	qi1	100
桥	qiao2	100
桦	hua4	100
桧	gui4	97
桧	hui4	3
桨	jiang3	100
桩	zhuang1	100
桫	suo1	100
桯	ting1	100
桲	bo2	100
桲	po5	0
桴	fu2	100
桶	tong3	100
桷	jue2	100
桹	lang2	100
梁	liang2	100
梃	ting3	50
梃	ting4	50
梅	mei2	100
梆	bang1	100
梌	tu2	100
梏	gu4	100
梓	zi3	100
梗	geng3	100
梠	lv3	100
梢	shao1	100
梣	chen2	50
梣	qin2	50
梦	meng4	100
梧	wu2	100
梨	li2	100
梭	suo1	100
梯	ti1	100
械	xie4	100
梳	shu1	100
梴	chan1	100
梵	fan4	100
梼	tao2	100
梽	zhi4	100
梾	lai2	100
梿	lian2	100
检	jian3	100
棁	zhuo1	100
棂	ling2	100
棉	mian2	100
棋	qi2	100
棍	gun4	100
棐	fei3	100
棒	bang4	100
棓	bei4	100
棕	zong1	100
棘	ji2	100
棚	peng2	100
棠	tang2	100
棣	di4	100
棤	cuo4	100
棨	qi3	100
棪	yan3	100
棫	yu4	100
棬	quan1	100
森	sen1	100
棰	chui2	100
棱	leng2	100
棱	leng1	0
棱	ling2	0
棵	ke1	100
棹	zhao4	100
棺	guan1	100
棻	fen1	100
棼	fen2	100
棽	chen1	50
棽	shen1	50
椀	wan3	100
椁	guo3	100
椅	yi3	100
椅	yi1	0
椆	chou2	100
椋	liang2	100
植	zhi2	100
椎	zhui1	100
椐	ju1	100
椑	bei1	100
椒	jiao1	100
椓	zhuo2	100
椟	du2	100
椠	qian4	100
椤	luo2	100
椪	peng4	100
椭	tuo3	100
椰	ye1	100
椴	duan4	100
椸	yi2	100
椹	shen4	100
椽	chuan2	100
椿	chun1	100
楂	zha1	100
楒	si1	100
楔	xie1	100
楗	jian4	100
楙	mao4	100
楚	chu3	100
楝	lian4	100
楞	leng2	100
楠	nan2	100
楣	mei2	100
楦	xuan4	100
楩	pian2	100
楪	die2	100
楫	ji2	100
楮	chu3	100
楯	shun3	100
楷	kai3	95
楷	jie1	5
楸	qiu1	100
楹	ying2	100
楼	lou2	100
概	gai4	100
榃	tan2	100
榄	lan3	100
榅	wen1	100
榆	yu2	100
榇	chen4	100
榈	lv2	100
榉	ju3	100
榍	xie4	100
榑	fu2	100
榔	lang2	100
榕	rong2	100
榖	gu3	100
榛	zhen1	100
榜	bang3	100
榧	fei3	100
榨	zha4	100
榫	sun3	100
榭	xie4	100
榰	zhi1	100
榱	cui1	100
榴	liu2	100
榷	que4	100
榻	ta4	100
槁	gao3	100
槃	pan2	100
槊	shuo4	100
槌	chui2	100
槎	cha2	100
槐	huai2	100
槔	gao1	100
槚	jia3	100
槛	kan3	100
槛	jian4	0
槜	zui4	100
槟	bing1	99
槟	bin1	1
槠	zhu1	100
槭	qi4	100
槱	you3	100
槲	hu2	100
槽	cao2	100
槿	jin3	100
樊	fan2	100
樗	chu1	100
樘	tang2	100
樟	zhang1	100
模	mo2	100
模	mu2	0
樨	xi1	100
横	heng2	97
横	heng4	3
樯	qiang2	100
樱	ying1	100
樵	qiao2	100
樽	zun1	100
樾	yue4	100
橄	gan3	100
橇	qiao1	100
橐	tuo2	100
橑	liao2	100
橘	ju2	100
橙	cheng2	100
橛	jue2	100
橞	hui4	100
橡	xiang4	100
橥	zhu1	100
橦	tong2	100
橱	chu2	100
橹	lu3	100
橼	yuan2	100
檀	tan2	100
檄	xi2	100
檎	qin2	100
檐	yan2	100
檑	lei2	100
檗	bo4	100
檞	jie3	100
檠	qing2	100
檩	lin3	100
檫	cha2	100
檬	meng2	100
櫆	kui2	100
欂	bo2	100
欠	qian4	100
次	ci4	100
欢	huan1	100
欣	xin1	100
欤	yu2	100
欧	ou1	100
欲	yu4	100
欸	ei2	100
欸	ai3	0
欸	ei1	0
欸	ei3	0
欸	ei4	0
欹	qi1	100
欺	qi1	100
欻	xu1	100
款	kuan3	100
歃	sha4	100
歅	yin1	100
歆	xin1	100
歇	xie1	100
歉	qian4	100
歌	ge1	100
歙	she4	100
止	zhi3	100
正	zheng4	100
正	zheng1	0
此	ci3	100
步	bu4	100
武	wu3	100
歧	qi2	100
歪	wai1	100
歹	dai3	100
死	si3	100
歼	jian1	100
殁	mo4	100
殂	cu2	100
殃	yang1	100
殄	tian3	100
殆	dai4	100
殇	shang1	100
殉	xun4	100
殊	shu1	100
残	can2	100
殍	piao3	100
殒	yun3	100
殓	lian4	100
殖	zhi2	99
殖	shi5	1
殚	dan1	100
殛	ji2	100
殡	bin4	100
殣	jin4	100
殪	yi4	100
殳	shu1	100
殴	ou1	100
段	duan4	100
殷	yin1	100
殷	yan1	0
殿	dian4	100
毁	hui3	100
毂	gu3	100
毅	yi4	100
毋	wu2	100
毌	guan4	100
母	mu3	100
每	mei3	100
毐	ai3	100
毒	du2	100
毓	yu4	100
比	bi3	100
毕	bi4	100
毖	bi4	100
毗	pi2	100
毙	bi4	100
毛	mao2	100
毡	zhan1	100
毪	mu2	100
毫	hao2	100
毯	tan3	100
毳	cui4	100
毵	san1	100
毹	shu1	100
毽	jian4	100
氅	chang3	100
氆	pu3	100
氇	lu5	100
氍	qu2	100
氏	shi4	100
氏	zhi1	0
氐	di3	100
氐	di1	0
民	min2	100
氓	mang2	100
气	qi4	100
氕	pie1	100
氖	nai3	100
氘	dao1	100
氙	xian1	100
氚	chuan1	100
氛	fen1	100
氟	fu2	100
氡	dong1	100
氢	qing1	100
氤	yin1	100
氦	hai4	100
氧	yang3	100
氨	an1	100
氩	ya4	100
氪	ke4	100
氮	dan4	100
氯	lv4	100
氰	qing2	100
氲	yun1	100
水	shui3	100
永	yong3	100
氾	fan2	100
氿	jiu3	100
汀	ting1	100
汁	zhi1	100
求	qiu2	100
汆	cuan1	100
汇	hui4	100
汈	diao1	100
汉	han4	100
汊	cha4	100
汋	zhuo2	100
汐	xi1	100
汔	qi4	100
汕	shan4	100
汗	han4	100
汗	han2	0
汛	xun4	100
汜	si4	100
汝	ru3	100
汞	gong3	100
江	jiang1	100
池	chi2	100
污	wu1	100
汤	tang1	100
汧	qian1	100
汨	mi4	100
汩	gu3	100
汪	wang1	100
汫	jing3	100
汭	rui4	100
汰	tai4	100
汲	ji2	100
汴	bian4	100
汶	wen4	100
汹	xiong1	100
汽	qi4	100
汾	fen2	100
沁	qin4	100
沂	yi2	100
沃	wo4	100
沄	yun2	100
沅	yuan2	100
沆	hang4	100
沇	yan3	100
沈	shen3	100
沉	chen2	100
沌	dun4	100
沌	zhuan4	0
沏	qi1	100
沐	mu4	100
沓	da2	50
沓	ta4	50
沔	mian3	100
沘	bi3	100
沙	sha1	100
沙	sha4	0
沚	zhi3	100
沛	pei4	100
沟	gou1	100
没	mei2	100
没	mo4	0
沣	feng1	100
沤	ou4	100
沥	li4	100
沦	lun2	100
沧	cang1	100
沨	feng1	100
沩	wei2	100
沪	hu4	100
沫	mo4	100
沭	shu4	100
沮	ju3	100
沱	tuo2	100
河	he2	100
沸	fei4	100
油	you2	100
沺	tian2	100
治	zhi4	100
沼	zhao3	100
沽	gu1	100
沾	zhan1	100
沿	yan2	100
泂	jiong3	100
泃	ju1	100
泄	xie4	100
泅	qiu2	100
泇	jia1	100
泉	quan2	100
泊	bo2	100
泊	po1	0
泌	mi4	100
泌	bi4	0
泐	le4	100
泓	hong2	100
泔	gan1	100
法	fa3	100
泖	mao3	100
泗	si4	100
泙	ping2	100
泚	ci3	100
泛	fan4	100
泜	zhi1	100
泞	ning4	100
泠	ling2	100
泡	pao4	96
泡	pao1	4
波	bo1	100
泣	qi4	100
泥	ni2	100
泥	ni4	0
注	zhu4	100
泪	lei4	100
泫	xuan4	100
泮	pan4	100
泯	min3	100
泰	tai4	100
泱	yang1	100
泳	yong3	100
泵	beng4	100
泷	long2	100
泷	shuang1	0
泸	lu2	100
泺	luo4	100
泻	xie4	100
泼	po1	100
泽	ze2	100
泾	jing1	100
洁	jie2	100
洄	hui2	100
洇	yin1	100
洈	wei2	100
洋	yang2	100
洌	lie4	100
洎	ji4	100
洑	fu2	100
洒	sa3	100
洓	qi4	100
洗	xi3	100
洗	xian3	0
洘	kao3	100
洙	zhu1	100
洚	jiang4	100
洛	luo4	100
洞	dong4	100
洞	tong2	0
洢	yi1	100
洣	mi3	100
津	jin1	100
洧	wei3	100
洨	xiao2	100
洪	hong2	100
洫	xu4	100
洭	kuang1	100
洮	tao2	100
洱	er3	100
洲	zhou1	100
洳	ru4	100
洴	ping2	100
洵	xun2	100
洸	guang1	100
洹	huan2	100
洺	ming2	100
活	huo2	100
洼	wa1	100
洽	qia4	100
派	pai4	100
洿	wu1	100
流	liu2	100
浃	jia1	100
浅	qian3	100
浆	jiang1	100
浆	jiang4	0
浇	jiao1	100
浈	zhen1	100
浉	shi1	100
浊	zhuo2	100
测	ce4	100
浍	hui4	100
济	ji4	100
济	ji3	0
浏	liu2	100
浐	chan3	100
浑	hun2	100
浒	hu3	100
浒	xu3	0
浓	nong2	100
浔	xun2	100
浕	jin4	100
浙	zhe4	100
浚	jun4	100
浚	xun4	0
浛	han2	100
浜	bang1	100
浞	zhuo2	100
浟	you2	100
浠	xi1	100
浡	bo2	100
浣	huan4	100
浥	yi4	100
浦	pu3	100
浩	hao4	100
浪	lang4	100
浬	li3	100
浭	geng1	100
浮	fu2	100
浯	wu2	100
浰	li4	50
浰	lian4	50
浲	feng2	100
浴	yu4	100
海	hai3	100
浸	jin4	100
浼	mei3	100
涂	tu2	100
涄	ping1	100
涅	nie4	100
消	xiao1	100
涉	she4	100
涌	yong3	100
涌	chong1	0
涍	xiao4	100
涎	xian2	100
涐	e2	100
涑	su4	100
涓	juan1	100
涔	cen2	100
涕	ti4	100
涘	si4	100
涛	tao1	100
涝	lao4	100
涞	lai2	100
涟	lian2	100
涠	wei2	100
涡	wo1	100
涡	guo1	0
涢	yun2	100
涣	huan4	100
涤	di2	100
润	run4	100
涧	jian4	100
涨	zhang3	97
涨	zhang4	3
涩	se4	100
涪	fu2	100
涫	guan4	100
涮	shuan4	100
涯	ya2	100
液	ye4	100
涴	yuan1	100
涵	han2	100
涸	he2	100
涿	zhuo1	100
淀	dian4	100
淄	zi1	100
淅	xi1	100
淆	xiao2	100
淇	qi2	100
淋	lin2	100
淋	lin4	0
淌	tang3	100
淏	hao4	100
淑	shu1	100
淖	nao4	100
淘	tao2	100
淙	cong2	100
淜	peng2	100
淝	fei2	100
淞	song1	100
淟	tian3	100
淠	pi4	100
淡	dan4	100
淤	yu1	100
淦	gan4	100
淫	yin2	100
淬	cui4	100
淮	huai2	100
淯	yu4	100
深	shen1	100
淳	chun2	100
淴	hu1	100
混	hun4	100
淹	yan1	100
添	tian1	100
淼	miao3	100
清	qing1	100
渊	yuan1	100
渌	lu4	100
渍	zi4	100
渎	du2	100
渐	jian4	100
渑	mian3	100
渔	yu2	100
渗	shen4	100
渚	zhu3	100
渝	yu2	100
渟	ting2	100
渠	qu2	100
渡	du4	100
渣	zha1	100
渤	bo2	100
渥	wo4	100
温	wen1	100
渫	xie4	100
渭	wei4	100
港	gang3	100
渰	yan3	100
渲	xuan4	100
渴	ke3	100
游	you2	100
渺	miao3	100
渼	mei3	100
湃	pai4	100
湄	mei2	100
湉	tian2	100
湍	tuan1	100
湎	mian3	100
湑	xu4	100
湓	pen2	100
湔	jian1	100
湖	hu2	100
湘	xiang1	100
湛	zhan4	100
湜	shi2	100
湝	jie1	100
湟	huang2	100
湣	min3	100
湫	qiu1	95
湫	jiao3	5
湮	yan1	100
湲	yuan2	100
湴	ban4	100
湾	wan1	100
湿	shi1	100
溁	ying2	100
溃	kui4	100
溃	hui4	0
溅	jian4	100
溆	xu4	100
溇	lou2	100
溉	gai4	100
溍	jin4	100
溏	tang2	100
源	yuan2	100
溘	ke4	100
溚	da2	100
溜	liu1	100
溜	liu4	0
溞	sao1	100
溟	ming2	100
溠	zha4	100
溢	yi4	100
溥	pu3	100
溦	wei1	100
溧	li4	100
溪	xi1	100
溯	su4	100
溱	qin2	100
溲	sou1	100
溴	xiu4	100
溵	yin1	100
溶	rong2	100
溷	hun4	100
溹	suo3	100
溺	ni4	100
溻	ta1	100
溽	ru4	100
滁	chu2	100
滂	pang1	100
滃	weng1	100
滆	ge2	100
滇	dian1	100
滉	huang4	100
滋	zi1	100
滍	zhi4	100
滏	fu3	100
滑	hua2	100
滓	zi3	100
滔	tao1	100
滕	teng2	100
滗	bi4	100
滘	jiao4	100
滚	gun3	100
滞	zhi4	100
滟	yan4	100
滠	she4	100
满	man3	100
滢	ying2	100
滤	lv4	100
滥	lan4	100
滦	luan2	100
滧	xiao4	100
滨	bin1	100
滩	tan1	100
滪	yu4	100
滫	xiu3	100
滴	di1	100
滹	hu1	100
漂	piao1	95
漂	piao3	5
漂	piao4	0
漆	qi1	100
漈	ji4	100
漉	lu4	100
漋	long2	100
漏	lou4	100
漓	li2	100
演	yan3	100
漕	cao2	100
漖	jiao4	100
漠	mo4	100
漤	lan3	100
漦	chi2	100
漩	xuan2	100
漪	yi1	100
漫	man4	100
漭	mang3	100
漯	luo4	100
漱	shu4	100
漳	zhang1	100
漴	chong2	50
漴	shuang1	50
漶	huan4	100
漷	huo3	100
漹	yan1	100
漻	liao2	100
漼	cui3	100
漾	yang4	100
潆	ying2	100
潇	xiao1	100
潋	lian4	100
潍	wei2	100
潏	yu4	100
潖	pa2	100
潘	pan1	100
潜	qian2	100
潞	lu4	100
潟	xi4	100
潢	huang2	100
潦	liao2	100
潩	yi4	100
潭	tan2	100
潮	chao2	100
潲	shao4	100
潴	zhu1	100
潵	sa3	100
潸	shan1	100
潺	chan2	100
潼	tong2	100
潽	pu1	100
潾	lin2	100
澂	cheng2	100
澄	cheng2	100
澄	deng4	0
澈	che4	100
澉	gan3	100
澌	si1	100
澍	shu4	100
澎	peng2	100
澛	lu3	100
澜	lan2	100
澡	zao3	100
澥	xie4	100
澧	li3	100
澪	ling2	100
澭	yong1	100
澳	ao4	100
澴	huan2	100
澶	chan2	100
澹	dan4	98
澹	tan2	2
澼	pi4	100
澽	ju4	100
激	ji1	100
濂	lian2	100
濉	sui1	100
濋	chu3	100
濑	lai4	100
濒	bin1	100
濞	bi4	100
濠	hao2	100
濡	ru2	100
濩	huo4	100
濮	pu2	100
濯	zhuo2	100
瀌	biao1	100
瀍	chan2	100
瀑	pu4	100
瀑	bao4	0
瀔	gu3	100
瀚	han4	100
瀛	ying2	100
瀣	xie4	100
瀱	ji4	100
瀵	fen4	100
瀹	yue4	100
瀼	rang2	50
瀼	rang4	50
灈	qu2	100
灌	guan4	100
灏	hao4	100
灞	ba4	100
火	huo3	100
灭	mie4	100
灯	deng1	100
灰	hui1	100
灵	ling2	100
灶	zao4	100
灸	jiu3	100
灼	zhuo2	100
灾	zai1	100
灿	can4	100
炀	yang2	100
炅	jiong3	100
炅	gui4	0
炆	wen2	100
炉	lu2	100
炊	chui1	100
炌	kai4	100
炎	yan2	100
炒	chao3	100
炔	que1	100
炕	kang4	100
炖	dun4	100
炘	xin1	100
炙	zhi4	100
炜	wei3	100
炝	qiang4	100
炟	da2	100
炣	ke3	100
炫	xuan4	100
炬	ju4	100
炭	tan4	100
炮	pao4	100
炮	bao1	0
炮	pao2	0
炯	jiong3	100
炱	tai2	100
炳	bing3	100
炷	zhu4	100
炸	zha4	95
炸	zha2	5
点	dian3	100
炻	shi2	100
炼	lian4	100
炽	chi4	100
烀	hu1	100
烁	shuo4	100
烂	lan4	100
烃	ting1	100
烈	lie4	100
烊	yang2	95
烊	yang4	5
烔	tong2	100
烘	hong1	100
烙	lao4	100
烙	luo4	0
烛	zhu2	100
烜	xuan3	100
烝	zheng1	100
烟	yan1	100
烠	hui2	100
烤	kao3	100
烦	fan2	100
烧	shao1	100
烨	ye4	100
烩	hui4	100
烫	tang4	100
烬	jin4	100
热	re4	100
烯	xi1	100
烶	ting3	100
烷	wan2	100
烹	peng1	100
烺	lang3	100
烻	shan1	100
烽	feng1	100
焆	juan1	100
焉	yan1	100
焊	han4	100
焌	jun4	100
焌	qu1	0
焐	wu4	100
焓	han2	100
焕	huan4	100
焖	men4	100
焗	ju2	100
焘	tao1	100
焙	bei4	100
焚	fen2	100
焜	kun1	100
焞	tun1	100
焦	jiao1	100
焯	chao1	100
焰	yan4	100
焱	yan4	100
然	ran2	100
煁	chen2	100
煃	kui3	100
煅	duan4	100
煊	xuan1	100
煋	xing1	100
煌	huang2	100
煎	jian1	100
煓	tuan1	100
煜	yu4	100
煞	sha4	100
煞	sha1	0
煟	wei4	100
煤	mei2	100
煦	xu4	100
照	zhao4	100
煨	wei1	100
煮	zhu3	100
煲	bao1	100
煳	hu2	100
煴	yun1	100
煸	bian1	100
煺	tui4	100
煽	shan1	100
熄	xi1	100
熇	he4	100
熊	xiong2	100
熏	xun1	100
熔	rong2	100
熘	liu1	100
熙	xi1	100
熛	biao1	100
熜	cong1	100
熟	shou2	100
熟	shu2	0
熠	yi4	100
熥	teng1	100
熨	yun4	100
熨	yu4	0
熬	ao2	100
熬	ao1	0
熵	shang1	100
熹	xi1	100
熻	xi1	100
燃	ran2	100
燊	shen1	100
燋	jiao1	100
燎	liao2	95
燎	liao3	5
燏	yu4	100
燔	fan2	100
燕	yan4	100
燕	yan1	0
燚	yi4	100
燠	yu4	100
燥	zao4	100
燧	sui4	100
燮	xie4	100
燹	xian3	100
爆	bao4	100
爇	ruo4	100
爔	xi1	100
爚	yue4	100
爝	jue2	100
爟	guan4	100
爨	cuan4	100
爪	zhua3	100
爪	zhao3	0
爬	pa2	100
爰	yuan2	100
爱	ai4	100
爵	jue2	100
父	fu4	100
爷	ye2	100
爸	ba4	100
爹	die1	100
爻	yao2	100
爽	shuang3	100
爿	pan2	100
牁	ke1	100
牂	zang1	100
片	pian4	100
片	pian1	0
版	ban3	100
牌	pai2	100
牍	du2	100
牒	die2	100
牖	you3	100
牙	ya2	100
牚	cheng4	100
牛	niu2	100
牝	pin4	100
牟	mou2	100
牟	mu4	0
牡	mu3	100
牢	lao2	100
牤	mang1	100
牥	fang1	100
牦	mao2	100
牧	mu4	100
物	wu4	100
牮	jian4	100
牯	gu3	100
牲	sheng1	100
牵	qian1	100
特	te4	100
牺	xi1	100
牻	mang2	100
牾	wu3	100
牿	gu4	100
犀	xi1	100
犁	li2	100
犄	ji1	100
犇	ben1	100
犊	du2	100
犋	ju4	100
犍	jian1	100
犍	qian2	0
犏	pian1	100
犒	kao4	100
犟	jiang4	100
犨	chou1	100
犬	quan3	100
犯	fan4	100
犰	qiu2	100
犴	an4	100
犴	han1	0
状	zhuang4	100
犷	guang3	100
犸	ma3	100
犹	you2	100
狁	yun3	100
狂	kuang2	100
狃	niu3	100
狄	di2	100
狈	bei4	100
狉	pi1	100
狍	pao2	100
狎	xia2	100
狐	hu2	100
狒	fei4	100
狗	gou3	100
狙	ju1	100
狝	xian3	100
狞	ning2	100
狠	hen3	100
狡	jiao3	100
狨	rong2	100
狩	shou4	100
独	du2	100
狭	xia2	100
狮	shi1	100
狯	kuai4	100
狰	zheng1	100
狱	yu4	100
狲	sun1	100
狳	yu2	100
狴	bi4	100
狷	juan4	100
狸	li2	100
狺	yin2	100
狻	suan1	100
狼	lang2	100
猁	li4	100
猃	xian3	100
猄	jing1	100
猇	xiao1	100
猊	ni2	100
猎	lie4	100
猕	mi2	100
猖	chang1	100
猗	yi1	100
猛	meng3	100
猜	cai1	100
猝	cu4	100
猞	she1	100
猡	luo2	100
猢	hu2	100
猥	wei3	100
猩	xing1	100
猪	zhu1	100
猫	mao1	100
猬	wei4	100
献	xian4	100
猯	tuan1	100
猰	ya4	100
猱	nao2	100
猴	hou2	100
猷	you2	100
猹	cha2	100
猺	yao2	100
猾	hua2	100
猿	yuan2	100
獍	jing4	100
獐	zhang1	100
獒	ao2	100
獗	jue2	100
獠	liao2	100
獬	xie4	100
獭	ta3	100
獯	xun1	100
獴	meng3	100
獾	huan1	100
玃	jue2	100
玄	xuan2	100
率	lv4	95
率	shuai4	5
玉	yu4	100
王	wang2	100
玎	ding1	100
玑	ji1	100
玒	hong2	100
玓	di4	100
玕	gan1	100
玖	jiu3	100
玘	qi3	100
玙	yu2	100
玚	yang2	100
玛	ma3	100
玞	fu1	100
玟	wen2	100
玠	jie4	100
玡	ya2	100
玢	fen1	95
玢	bin1	5
玤	bang4	100
玥	yue4	100
玦	jue2	100
玩	wan2	100
玫	mei2	100
玭	pin2	100
玮	wei3	100
环	huan2	100
现	xian4	100
玱	qiang1	100
玲	ling2	100
玳	dai4	100
玶	ping2	100
玷	dian4	100
玹	xuan2	100
玺	xi3	100
玻	bo1	100
玼	ci3	100
玿	shao2	100
珀	po4	100
珂	ke1	100
珅	shen1	100
珇	zu3	100
珈	jia1	100
珉	min2	100
珊	shan1	100
珋	liu3	100
珌	bi4	100
珍	zhen1	100
珏	jue2	100
珐	fa4	100
珑	long2	100
珒	jin1	100
珕	li4	100
珖	guang1	100
珙	gong3	100
珛	xiu4	100
珝	xu3	100
珞	luo4	100
珠	zhu1	100
珢	yin2	100
珣	xun2	100
珥	er3	100
珦	xiang4	100
珧	yao2	100
珩	heng2	100
珪	gui1	100
珫	chong1	100
班	ban1	100
珰	dang1	100
珲	hun2	100
珵	cheng2	100
珷	wu3	100
珸	wu2	100
珹	cheng2	100
珺	jun4	100
珽	ting3	100
琀	han2	100
球	qiu2	100
琄	xuan4	100
琅	lang2	100
理	li3	100
琇	xiu4	100
琈	fu2	100
琉	liu2	100
琊	ya2	100
琎	jin4	100
琏	lian3	100
琐	suo3	100
琔	dian4	100
琚	ju1	100
琛	chen1	100
琟	wei2	100
琡	chu4	100
琢	zhuo2	95
琢	zuo2	5
琤	cheng1	100
琥	hu3	100
琦	qi2	100
琨	kun1	100
琪	qi2	100
琫	beng3	100
琬	wan3	100
琭	lu4	100
琮	cong2	100
琯	guan3	100
琰	yan3	100
琲	bei4	100
琳	lin2	100
琴	qin2	100
琵	pi2	100
琶	pa2	100
琼	qiong2	100
瑀	yu3	100
瑁	mao4	100
瑂	mei2	100
瑃	chun1	100
瑄	xuan1	100
瑅	ti2	100
瑆	xing1	100
瑑	zhuan4	100
瑓	lian4	100
瑔	quan2	100
瑕	xia2	100
瑖	duan4	100
瑗	yuan4	100
瑙	nao3	100
瑚	hu2	100
瑛	ying1	100
瑜	yu2	100
瑝	huang2	100
瑞	rui4	100
瑟	se4	100
瑢	rong2	100
瑧	zhen1	100
瑨	jin4	100
瑬	liu2	100
瑭	tang2	100
瑰	gui1	100
瑱	tian4	100
瑳	cuo1	100
瑶	yao2	100
瑷	ai4	100
瑾	jin3	100
璀	cui3	100
璁	cong1	100
璃	li2	100
璆	qiu2	100
璇	xuan2	100
璈	ao2	100
璋	zhang1	100
璎	ying1	100
璐	lu4	100
璒	deng1	100
璘	lin2	100
璜	huang2	100
璞	pu2	100
璟	jing3	100
璠	fan2	100
璥	jing3	100
璧	bi4	100
璨	can4	100
璩	qu2	100
璪	zao3	100
璬	jiao3	100
璮	tan3	100
璱	se4	100
璲	sui4	100
璺	wen4	100
瓀	ruan3	100
瓒	zan4	100
瓖	xiang1	100
瓘	guan4	100
瓜	gua1	100
瓞	die2	100
瓠	hu4	100
瓢	piao2	100
瓣	ban4	100
瓤	rang2	100
瓦	wa3	100
瓦	wa4	0
瓮	weng4	100
瓯	ou1	100
瓴	ling2	100
瓶	ping2	100
瓷	ci2	100
瓻	chi1	100
瓿	bu4	100
甄	zhen1	100
甍	meng2	100
甏	beng4	100
甑	zeng4	100
甓	pi4	100
甗	yan3	100
甘	gan1	100
甚	shen4	100
甜	tian2	100
生	sheng1	100
甡	shen1	100
甥	sheng1	100
甦	su1	100
用	yong4	100
甩	shuai3	100
甪	lu4	100
甫	fu3	100
甬	yong3	100
甭	beng2	100
甯	ning4	100
田	tian2	100
由	you2	100
甲	jia3	100
申	shen1	100
电	dian4	100
男	nan2	100
甸	dian4	100
町	ding1	100
画	hua4	100
甾	zai1	100
畀	bi4	100
畅	chang4	100
畈	fan4	100
畋	tian2	100
界	jie4	100
畎	quan3	100
畏	wei4	100
畔	pan4	100
畖	wa1	100
留	liu2	100
畚	ben3	100
畛	zhen3	100
畜	chu4	50
畜	xu4	50
畤	zhi4	100
略	lve4	100
畦	qi2	100
番	fan1	100
番	pan1	0
畬	yu2	100
畯	jun4	100
畲	she1	100
畴	chou2	100
畸	ji1	100
畹	wan3	100
畿	ji1	100
疁	liu2	100
疃	tuan3	100
疆	jiang1	100
疍	dan4	100
疏	shu1	100
疐	zhi4	100
疑	yi2	100
疔	ding1	100
疖	jie1	100
疗	liao2	100
疙	ge1	100
疚	jiu4	100
疝	shan4	100
疟	nve4	100
疟	yao4	0
疠	li4	100
疡	yang2	100
疢	chen4	100
疣	you2	100
疤	ba1	100
疥	jie4	100
疫	yi4	100
疬	li4	100
疭	zong4	100
疮	chuang1	100
疯	feng1	100
疰	zhu4	100
疱	pao4	100
疲	pi2	100
疳	gan1	100
疴	ke1	100
疵	ci1	100
疸	dan3	100
疹	zhen3	100
疼	teng2	100
疽	ju1	100
疾	ji2	100
痂	jia1	100
痃	xuan2	100
痄	zha4	100
病	bing4	100
症	zheng4	100
症	zheng1	0
痈	yong1	100
痉	jing4	100
痊	quan2	100
痍	yi2	100
痒	yang3	100
痓	chi4	100
痔	zhi4	100
痕	hen2	100
痘	dou4	100
痛	tong4	100
痞	pi3	100
痢	li4	100
痣	zhi4	100
痤	cuo2	100
痦	wu4	100
痧	sha1	100
痨	lao2	100
痪	huan4	100
痫	xian2	100
痰	tan2	100
痱	fei4	100
痴	chi1	100
痹	bi4	100
痼	gu4	100
痿	wei3	100
瘀	yu1	100
瘁	cui4	100
瘃	zhu2	100
瘅	dan1	50
瘅	dan4	50
瘆	shen4	100
瘊	hou2	100
瘌	la4	100
瘐	yu3	100
瘕	jia3	100
瘗	yi4	100
瘘	lou4	100
瘙	sao4	100
瘛	chi4	100
瘟	wen1	100
瘠	ji2	100
瘢	ban1	100
瘤	liu2	100
瘥	chai4	100
瘦	shou4	100
瘩	da5	95
瘩	da2	5
瘪	bie3	100
瘪	bie1	0
瘫	tan1	100
瘭	biao1	100
瘰	luo3	100
瘳	chou1	100
瘴	zhang4	100
瘵	zhai4	100
瘸	que2	100
瘼	mo4	100
瘾	yin3	100
瘿	ying3	100
癀	huang2	100
癃	long2	100
癌	ai2	100
癍	ban1	100
癔	yi4	100
癖	pi3	100
癗	lei3	100
癜	dian4	100
癞	lai4	100
癣	xuan3	100
癫	dian1	100
癯	qu2	100
癸	gui3	100
登	deng1	100
白	bai2	100
百	bai3	100
癿	bie2	100
皂	zao4	100
的	de5	100
的	di1	0
的	di2	0
的	di4	0
皆	jie1	100
皇	huang2	100
皈	gui1	100
皋	gao1	100
皎	jiao3	100
皑	ai2	100
皓	hao4	100
皕	bi4	100
皖	wan3	100
皙	xi1	100
皛	xiao3	100
皞	hao4	100
皤	po2	100
皦	jiao3	100
皭	jiao4	100
皮	pi2	100
皱	zhou4	100
皲	jun1	100
皴	cun1	100
皿	min3	100
盂	yu2	100
盅	zhong1	100
盆	pen2	100
盈	ying2	100
盉	he2	100
益	yi4	100
盍	he2	100
盎	ang4	100
盏	zhan3	100
盐	yan2	100
监	jian1	100
监	jian4	0
盒	he2	100
盔	kui1	100
盖	gai4	100
盖	ge3	0
盗	dao4	100
盘	pan2	100
盛	cheng2	90
盛	sheng4	10
盟	meng2	100
盥	guan4	100
盦	an1	100
目	mu4	100
盯	ding1	100
盱	xu1	100
盲	mang2	100
直	zhi2	100
盷	tian2	100
相	xiang1	100
相	xiang4	0
盹	dun3	100
盼	pan4	100
盾	dun4	100
省	sheng3	100
省	xing3	0
眄	mian4	100
眇	miao3	100
眈	dan1	100
眉	mei2	100
眊	mao4	100
看	kan4	99
看	kan1	1
眍	kou1	100
眙	yi2	100
眚	sheng3	100
真	zhen1	100
眠	mian2	100
眢	yuan1	100
眦	zi4	100
眨	zha3	100
眩	xuan4	100
眬	long2	100
眭	sui1	100
眯	mi1	100
眯	mi2	0
眵	chi1	100
眶	kuang4	100
眷	juan4	100
眸	mou2	100
眺	tiao4	100
眼	yan3	100
着	zhe5	100
着	zhao1	0
着	zhao2	0
着	zhuo2	0
睁	zheng1	100
睃	suo1	100
睄	shao4	100
睇	di4	100
睎	xi1	100
睐	lai4	100
睑	jian3	100
睚	ya2	100
睛	jing1	100
睡	shui4	100
睢	sui1	100
督	du1	100
睥	pi4	100
睦	mu4	100
睨	ni4	100
睫	jie2	100
睬	cai3	100
睹	du3	100
睽	kui2	100
睾	gao1	100
睿	rui4	100
瞀	mao4	100
瞄	miao2	100
瞅	chou3	100
瞋	chen1	100
瞌	ke1	100
瞍	sou3	100
瞎	xia1	100
瞑	ming2	100
瞒	man2	100
瞟	piao3	100
瞠	cheng1	100
瞢	meng2	100
瞥	pie1	100
瞧	qiao2	100
瞩	zhu3	100
瞪	deng4	100
瞫	shen3	100
瞬	shun4	100
瞭	liao4	100
瞰	kan4	100
瞳	tong2	100
瞵	lin2	100
瞻	zhan1	100
瞽	gu3	100
瞿	qu2	100
矍	jue2	100
矗	chu4	100
矛	mao2	100
矜	jin1	100
矞	yu4	100
矢	shi3	100
矣	yi3	100
知	zhi1	100
矧	shen3	100
矩	ju3	100
矫	jiao3	100
矫	jiao2	0
矬	cuo2	100
短	duan3	100
矮	ai3	100
矰	zeng1	100
石	shi2	99
石	dan4	1
矶	ji1	100
矸	gan1	100
矻	ku1	100
矼	gang1	100
矾	fan2	100
矿	kuang4	100
砀	dang4	100
码	ma3	100
砂	sha1	100
砄	jue2	100
砆	fu1	100
砉	hua1	100
砌	qi4	100
砍	kan3	100
砑	ya4	100
砒	pi1	100
研	yan2	100
砖	zhuan1	100
砗	che1	100
砘	dun4	100
砚	yan4	100
砜	feng1	100
砝	fa3	100
砟	zha3	100
砠	ju1	100
砣	tuo2	100
砥	di3	100
砧	zhen1	100
砫	zhu4	100
砬	la2	100
砭	bian1	100
砮	nu3	100
砰	peng1	100
破	po4	100
砵	bo1	100
砷	shen1	100
砸	za2	100
砹	ai4	100
砺	li4	100
砻	long2	100
砼	tong2	100
砾	li4	100
础	chu3	100
硁	keng1	100
硅	gui1	100
硇	nao2	100
硊	hui4	100
硌	ge4	100
硍	yin2	100
硎	xing2	100
硐	dong4	100
硒	xi1	100
硔	gong3	100
硕	shuo4	100
硖	xia2	100
硗	qiao1	100
硙	wei4	100
硚	qiao2	100
硝	xiao1	100
硪	wo4	100
硫	liu2	100
硬	ying4	100
硭	mang2	100
确	que4	100
硼	peng2	100
硿	kong4	100
碃	qing4	100
碇	ding4	100
碈	hun1	100
碉	diao1	100
碌	lu4	100
碌	liu4	0
碍	ai4	100
碎	sui4	100
碏	que4	100
碑	bei1	100
碓	dui4	100
碗	wan3	100
碘	dian3	100
碚	bei4	100
碛	qi4	100
碜	chen3	100
碟	die2	100
碡	zhou2	100
碣	jie2	100
碥	bian3	100
碧	bi4	100
碨	wei4	100
碰	peng4	100
碱	jian3	100
碲	di4	100
碳	tan4	100
碴	cha2	100
碴	cha1	0
碶	qi4	100
碹	xuan4	100
碾	nian3	100
磁	ci2	100
磅	bang4	100
磅	pang2	0
磉	sang3	100
磊	lei3	100
磋	cuo1	100
磏	qian1	100
磐	pan2	100
磔	zhe2	100
磕	ke1	100
磙	gun3	100
磜	qi4	100
磡	kan4	100
磨	mo2	100
磨	mo4	0
磬	qing4	100
磲	qu2	100
磴	deng4	100
磷	lin2	100
磹	tan2	100
磻	pan2	100
礁	jiao1	100
礅	dun1	100
礌	lei2	100
礓	jiang1	100
礞	meng2	100
礴	bo2	100
礵	shuang1	100
示	shi4	100
礼	li3	100
社	she4	100
祀	si4	100
祁	qi2	100
祃	ma4	100
祆	xian1	100
祇	qi2	100
祈	qi2	100
祉	zhi3	100
祊	beng1	100
祋	dui4	100
祎	yi1	100
祏	shi2	100
祐	you4	100
祓	fu2	100
祕	mi4	100
祖	zu3	100
祗	zhi1	100
祚	zuo4	100
祛	qu1	100
祜	hu4	100
祝	zhu4	100
神	shen2	100
祟	sui4	100
祠	ci2	100
祢	mi2	100
祥	xiang2	100
祧	tiao1	100
票	piao4	100
祭	ji4	100
祭	zhai4	0
祯	zhen1	100
祲	jin4	100
祷	dao3	100
祸	huo4	100
祺	qi2	100
祼	guan4	100
祾	ling2	100
禀	bing3	100
禁	jin4	100
禁	jin1	0
禄	lu4	100
禅	chan2	100
禅	shan4	0
禊	xi4	100
禋	yin1	100
福	fu2	100
禒	xian3	100
禔	zhi1	100
禘	di4	100
禚	zhuo2	100
禛	zhen1	100
禤	xuan1	100
禧	xi3	100
禳	rang2	100
禹	yu3	100
禺	yu2	100
离	li2	100
禽	qin2	100
禾	he2	100
秀	xiu4	100
私	si1	100
秃	tu1	100
秆	gan3	100
秉	bing3	100
秋	qiu1	100
种	zhong4	95
种	zhong3	5
种	chong2	0
科	ke1	100
秒	miao3	100
秕	bi3	100
秘	mi4	100
秘	bi4	0
租	zu1	100
秣	mo4	100
秤	cheng4	100
秦	qin2	100
秧	yang1	100
秩	zhi4	100
秫	shu2	100
秬	ju4	100
秭	zi3	100
积	ji1	100
称	cheng1	100
称	chen4	0
秸	jie1	100
移	yi2	100
秽	hui4	100
秾	nong2	100
稀	xi1	100
稂	lang2	100
稃	fu1	100
稆	lv3	100
程	cheng2	100
稌	tu2	100
稍	shao1	100
稍	shao4	0
税	shui4	100
稑	lu4	100
稔	ren3	100
稗	bai4	100
稙	zhi1	100
稚	zhi4	100
稞	ke1	100
稠	chou2	100
稣	su1	100
稳	wen3	100
稷	ji4	100
稹	zhen3	100
稻	dao4	100
稼	jia4	100
稽	ji1	100
稿	gao3	100
穄	ji4	100
穆	mu4	100
穑	se4	100
穗	sui4	100
穙	pu2	100
穜	tong2	100
穟	sui4	100
穰	rang2	100
穴	xue2	100
究	jiu1	100
穷	qiong2	100
穸	xi1	100
穹	qiong2	100
空	kong1	95
空	kong4	5
穿	chuan1	100
窀	zhun1	100
突	tu1	100
窃	qie4	100
窄	zhai3	100
窅	yao3	100
窈	yao3	100
窊	wa1	100
窍	qiao4	100
窎	diao4	100
窑	yao2	100
窒	zhi4	100
窕	tiao3	100
窖	jiao4	100
窗	chuang1	100
窘	jiong3	100
窜	cuan4	100
窝	wo1	100
窟	ku1	100
窠	ke1	100
窣	su1	100
窥	kui1	100
窦	dou4	100
窨	yin4	100
窬	yu2	100
窭	ju4	100
窳	yu3	100
窸	xi1	100
窿	long2	100
立	li4	100
竑	hong2	100
竖	shu4	100
竘	qu3	100
站	zhan4	100
竞	jing4	100
竟	jing4	100
章	zhang1	100
竣	jun4	100
童	tong2	100
竦	song3	100
竫	jing4	100
竭	jie2	100
端	duan1	100
竹	zhu2	100
竺	zhu2	100
竽	yu2	100
竿	gan1	100
笃	du3	100
笄	ji1	100
笆	ba1	100
笈	ji2	100
笊	zhao4	100
笋	sun3	100
笏	hu4	100
笑	xiao4	100
笔	bi3	100
笕	jian3	100
笙	sheng1	100
笛	di2	100
笞	chi1	100
笠	li4	100
笤	tiao2	100
笥	si4	100
符	fu2	100
笨	ben4	100
笪	da2	100
笫	zi3	100
第	di4	100
笮	ze2	100
笮	zuo2	0
笯	nu2	100
笱	gou3	100
笳	jia1	100
笸	po3	100
笺	jian1	100
笼	long2	100
笼	long3	0
笾	bian1	100
筀	gui4	100
筅	xian3	100
筇	qiong2	100
等	deng3	100
筋	jin1	100
筌	quan2	100
筏	fa2	100
筐	kuang1	100
筑	zhu4	100
筒	tong3	100
答	da2	100
答	da1	0
策	ce4	100
筘	kou4	100
筚	bi4	100
筛	shai1	100
筜	dang1	100
筝	zheng1	100
筠	yun2	100
筠	jun1	0
筢	pa2	100
筤	lang2	100
筥	ju3	100
筦	guan3	100
筮	shi4	100
筱	xiao3	100
筲	shao1	100
筵	yan2	100
筶	gao4	100
筷	kuai4	100
筹	chou2	100
筻	gang4	100
筼	yun2	100
签	qian1	100
简	jian3	100
箅	bi4	100
箍	gu1	100
箐	qing4	100
箓	lu4	100
箔	bo2	100
箕	ji1	100
箖	lin2	100
算	suan4	100
箜	kong1	100
管	guan3	100
箢	yuan1	100
箦	ze2	100
箧	qie4	100
箨	tuo4	100
箩	luo2	100
箪	dan1	100
箫	xiao1	100
箬	ruo4	100
箭	jian4	100
箱	xiang1	100
箴	zhen1	100
箸	zhu4	100
篁	huang2	100
篆	zhuan4	100
篇	pian1	100
篌	hou2	100
篑	kui4	100
篓	lou3	100
篙	gao1	100
篚	fei3	100
篝	gou1	100
篡	cuan4	100
篥	li4	100
篦	bi4	100
篪	chi2	100
篮	lan2	100
篯	jian1	100
篱	li2	100
篷	peng2	100
篼	dou1	100
篾	mie4	100
簃	yi2	100
簇	cu4	100
簉	zao4	100
簋	gui3	100
簌	su4	100
簏	lu4	100
簕	le4	100
簖	duan4	100
簝	liao2	100
簟	dian4	100
簠	fu3	100
簧	huang2	100
簪	zan1	100
簰	pai2	100
簸	bo3	95
簸	bo4	5
簿	bu4	100
籀	zhou4	100
籁	lai4	100
籍	ji2	100
籥	yue4	100
米	mi3	100
籴	di2	100
类	lei4	100
籼	xian1	100
籽	zi3	100
粉	fen3	100
粑	ba1	100
粒	li4	100
粕	po4	100
粗	cu1	100
粘	zhan1	100
粘	nian2	0
粜	tiao4	100
粝	li4	100
粞	xi1	100
粟	su4	100
粢	zi1	100
粤	yue4	100
粥	zhou1	100
粪	fen4	100
粮	liang2	100
粱	liang2	100
粲	can4	100
粳	jing1	100
粹	cui4	100
粼	lin2	100
粽	zong4	100
精	jing1	100
粿	guo3	100
糁	san3	95
糁	shen1	5
糅	rou2	100
糇	hou2	100
糈	xu3	100
糊	hu2	100
糊	hu1	0
糊	hu4	0
糌	zan1	100
糍	ci2	100
糒	bei4	100
糕	gao1	100
糖	tang2	100
糗	qiu3	100
糙	cao1	100
糜	mi2	100
糜	mei2	0
糟	zao1	100
糠	kang1	100
糨	jiang4	100
糯	nuo4	100
糵	nie4	100
系	xi4	95
系	ji4	5
紊	wen3	100
素	su4	100
索	suo3	100
紧	jin3	100
紫	zi3	100
累	lei4	100
累	lei2	0
累	lei3	0
絜	jie2	95
絜	xie2	5
絮	xu4	100
絷	zhi2	100
綦	qi2	100
綮	qing4	100
縠	hu2	100
縢	teng2	100
縻	mi2	100
繁	fan2	100
繁	po2	0
繄	yi1	100
繇	you2	100
纂	zuan3	100
纛	dao4	100
纠	jiu1	100
纡	yu1	100
红	hong2	100
纣	zhou4	100
纤	xian1	95
纤	qian4	5
纥	he2	100
约	yue1	100
约	yao1	0
级	ji2	100
纨	wan2	100
纩	kuang4	100
纪	ji4	100
纪	ji3	0
纫	ren4	100
纬	wei3	100
纭	yun2	100
纮	hong2	100
纯	chun2	100
纰	pi1	100
纱	sha1	100
纲	gang1	100
纳	na4	100
纴	ren4	100
纵	zong4	100
纶	lun2	95
纶	guan1	5
纷	fen1	100
纸	zhi3	100
纹	wen2	100
纺	fang3	100
纻	zhu4	100
纼	zhen4	100
纽	niu3	100
纾	shu1	100
线	xian4	100
绀	gan4	100
绁	xie4	100
绂	fu2	100
练	lian4	100
组	zu3	100
绅	shen1	100
细	xi4	100
织	zhi1	100
终	zhong1	100
绉	zhou4	100
绊	ban4	100
绋	fu2	100
绌	chu4	100
绍	shao4	100
绎	yi4	100
经	jing1	100
经	jing4	0
绐	dai4	100
绑	bang3	100
绒	rong2	100
结	jie2	95
结	jie1	5
绔	ku4	100
绕	rao4	100
绖	die2	100
绗	hang2	100
绘	hui4	100
给	gei3	100
给	ji3	0
绚	xuan4	100
绛	jiang4	100
络	luo4	99
络	lao4	1
绝	jue2	100
绞	jiao3	100
统	tong3	100
绠	geng3	100
绡	xiao1	100
绢	juan4	100
绣	xiu4	100
绤	xi4	100
绥	sui2	100
绦	tao1	100
继	ji4	100
绨	ti4	100
绩	ji4	100
绪	xu4	100
绫	ling2	100
续	xu4	100
绮	qi3	100
绯	fei1	100
绰	chuo4	98
绰	chao1	2
绱	shang4	100
绲	gun3	100
绳	sheng2	100
维	wei2	100
绵	mian2	100
绶	shou4	100
绷	beng1	95
绷	beng3	5
绷	beng4	0
绸	chou2	100
绹	tao2	100
绺	liu3	100
绻	quan3	100
综	zong1	100
综	zeng4	0
绽	zhan4	100
绾	wan3	100
绿	lv4	100
绿	lu4	0
缀	zhui4	100
缁	zi1	100
缂	ke4	100
缃	xiang1	100
缄	jian1	100
缅	mian3	100
缆	lan3	100
缇	ti2	100
缈	miao3	100
缉	ji1	100
缉	qi1	0
缊	yun4	100
缌	si1	100
缎	duan4	100
缐	xian4	100
缑	gou1	100
缒	zhui4	100
缓	huan3	100
缔	di4	100
缕	lv3	100
编	bian1	100
缗	min2	100
缘	yuan2	100
缙	jin4	100
缚	fu4	100
缛	ru4	100
缜	zhen3	100
缝	feng2	50
缝	feng4	50
缞	cui1	100
缟	gao3	100
缠	chan2	100
缡	li2	100
缢	yi4	100
缣	jian1	100
缤	bin1	100
缥	piao1	100
缦	man4	100
缧	lei2	100
缨	ying1	100
缩	suo1	100
缩	su4	0
缪	mou2	60
缪	miao4	40
缪	miu4	0
缫	sao1	100
缬	xie2	100
缭	liao2	100
缮	shan4	100
缯	zeng1	100
缰	jiang1	100
缱	qian3	100
缲	qiao1	100
缳	huan2	100
缴	jiao3	100
缵	zuan3	100
缶	fou3	100
缸	gang1	100
缺	que1	100
罂	ying1	100
罄	qing4	100
罅	xia4	100
罍	lei2	100
罐	guan4	100
网	wang3	100
罔	wang3	100
罕	han3	100
罗	luo2	100
罘	fu2	100
罚	fa2	100
罟	gu3	100
罡	gang1	100
罢	ba4	100
罢	ba5	0
罨	yan3	100
罩	zhao4	100
罪	zui4	100
置	zhi4	100
罱	lan3	100
署	shu3	100
罴	pi2	100
罶	liu3	100
罹	li2	100
罽	ji4	100
罾	zeng1	100
羁	ji1	100
羊	yang2	100
羌	qiang1	100
美	mei3	100
羑	you3	100
羓	ba1	100
羔	gao1	100
羕	yang4	100
羖	gu3	100
羚	ling2	100
羝	di1	100
羞	xiu1	100
羟	qiang3	100
羡	xian4	100
群	qun2	100
羧	suo1	100
羯	jie2	100
羰	tang1	100
羱	yuan2	100
羲	xi1	100
羸	lei2	100
羹	geng1	100
羼	chan4	100
羽	yu3	100
羿	yi4	100
翀	chong1	100
翁	weng1	100
翂	fen1	100
翃	hong2	100
翅	chi4	100
翈	xia2	100
翊	yi4	100
翌	yi4	100
翎	ling2	100
翔	xiang2	100
翕	xi1	100
翘	qiao4	100
翘	qiao2	0
翙	hui4	100
翚	hui1	100
翛	xiao1	100
翟	zhai2	100
翟	di2	0
翠	cui4	100
翡	fei3	100
翥	zhu4	100
翦	jian3	100
翩	pian1	100
翮	he2	100
翯	he4	100
翰	han4	100
翱	ao2	100
翳	yi4	100
翷	lin2	100
翻	fan1	100
翼	yi4	100
翾	xuan1	100
耀	yao4	100
老	lao3	100
考	kao3	100
耄	mao4	100
者	zhe3	100
耆	qi2	100
耇	gou3	100
耋	die2	100
而	er2	100
耍	shua3	100
耏	er2	60
耏	nai4	40
耐	nai4	100
耑	duan1	100
耒	lei3	100
耔	zi3	100
耕	geng1	100
耖	chao4	100
耗	hao4	100
耘	yun2	100
耙	ba4	95
耙	pa2	5
耜	si4	100
耠	huo1	100
耢	lao4	100
耤	ji2	100
耥	tang1	100
耦	ou3	100
耧	lou2	100
耨	nou4	100
耩	jiang3	100
耪	pang3	100
耰	you1	100
耱	mo4	100
耳	er3	100
耵	ding1	100
耶	ye1	100
耶	ye2	0
耷	da1	100
耸	song3	100
耻	chi3	100
耽	dan1	100
耿	geng3	100
聂	nie4	100
聃	dan1	100
聆	ling2	100
聊	liao2	100
聋	long2	100
职	zhi2	100
聍	ning2	100
聒	guo1	100
联	lian2	100
聘	pin4	100
聚	ju4	100
聩	kui4	100
聪	cong1	100
聱	ao2	100
聿	yu4	100
肃	su4	100
肄	yi4	100
肆	si4	100
肇	zhao4	100
肉	rou4	100
肋	lei4	100
肌	ji1	100
肓	huang1	100
肖	xiao1	100
肖	xiao4	0
肘	zhou3	100
肚	du4	100
肚	du3	0
肛	gang1	100
肝	gan1	100
肟	wo4	100
肠	chang2	100
股	gu3	100
肢	zhi1	100
肤	fu1	100
肥	fei2	100
肩	jian1	100
肪	fang2	100
肫	zhun1	100
肭	na4	100
肮	ang1	100
肯	ken3	100
肱	gong1	100
育	yu4	100
肴	yao2	100
肷	qian3	100
肸	xi1	100
肺	fei4	100
肼	jing3	100
肽	tai4	100
肾	shen4	100
肿	zhong3	100
胀	zhang4	100
胁	xie2	100
胂	shen4	100
胃	wei4	100
胄	zhou4	100
胆	dan3	100
胈	ba2	100
背	bei1	95
背	bei4	5
胍	gua1	100
胎	tai1	100
胖	pang4	100
胖	pan2	0
胗	zhen1	100
胙	zuo4	100
胚	pei1	100
胛	jia3	100
胜	sheng4	100
胝	zhi1	100
胞	bao1	100
胠	qu1	100
胡	hu2	100
胣	chi3	100
胤	yin4	100
胥	xu1	100
胧	long2	100
胨	dong4	100
胩	ka3	100
胪	lu2	100
胫	jing4	100
胬	nu3	100
胭	yan1	100
胯	kua4	100
胰	yi2	100
胱	guang1	100
胲	hai3	100
胳	ge1	99
胳	ge2	1
胴	dong4	100
胶	jiao1	100
胸	xiong1	100
胺	an4	100
胼	pian2	100
能	neng2	100
脂	zhi1	100
脆	cui4	100
脉	mai4	100
脉	mo4	0
脊	ji3	100
脍	kuai4	100
脎	sa4	100
脏	zang1	100
脏	zang4	0
脐	qi2	100
脑	nao3	100
脒	mi3	100
脓	nong2	100
脔	luan2	100
脖	bo2	100
脘	wan3	100
脚	jiao3	100
脞	cuo3	100
脟	lie4	100
脩	xiu1	100
脬	pao1	100
脯	pu2	95
脯	fu3	5
脱	tuo1	100
脲	niao4	100
脶	luo2	100
脸	lian3	100
脾	pi2	100
脿	biao3	100
腆	tian3	100
腈	jing1	100
腊	la4	100
腋	ye4	100
腌	yan1	100
腌	a1	0
腐	fu3	100
腑	fu3	100
腒	ju1	100
腓	fei2	100
腔	qiang1	100
腕	wan4	100
腘	guo2	100
腙	zong1	100
腚	ding4	100
腠	cou4	100
腥	xing1	100
腧	shu4	100
腨	shuan4	100
腩	nan3	100
腭	e4	100
腮	sai1	100
腯	tu2	100
腰	yao1	100
腱	jian4	100
腴	yu2	100
腹	fu4	100
腺	xian4	100
腻	ni4	100
腼	mian3	100
腽	wa4	100
腾	teng2	100
腿	tui3	100
膀	bang3	96
膀	pang1	2
膀	pang2	2
膂	lv3	100
膈	ge2	100
膊	bo2	100
膏	gao1	100
膏	gao4	0
膑	bin4	100
膘	biao1	100
膙	jiang3	100
膛	tang2	100
膜	mo2	100
膝	xi1	100
膦	lin4	100
膨	peng2	100
膳	shan4	100
膺	ying1	100
膻	shan1	100
膻	dan4	0
臀	tun2	100
臂	bi4	100
臂	bei5	0
臃	yong1	100
臆	yi4	100
臊	sao1	95
臊	sao4	5
臌	gu3	100
臑	nao4	100
臜	za1	100
臣	chen2	100
臧	zang1	100
自	zi4	100
臬	nie4	100
臭	chou4	100
臭	xiu4	0
至	zhi4	100
致	zhi4	100
臻	zhen1	100
臼	jiu4	100
臾	yu2	100
舀	yao3	100
舁	yu2	100
舂	chong1	100
舄	xi4	100
舅	jiu4	100
舆	yu2	100
舌	she2	100
舍	she3	50
舍	she4	50
舐	shi4	100
舒	shu1	100
舔	tian3	100
舛	chuan3	100
舜	shun4	100
舞	wu3	100
舟	zhou1	100
舠	dao1	100
舢	shan1	100
舣	yi3	100
舥	pa1	100
航	hang2	100
舫	fang3	100
般	ban1	100
舭	bi3	100
舯	zhong1	100
舰	jian4	100
舱	cang1	100
舲	ling2	100
舳	zhu2	100
舴	ze2	100
舵	duo4	100
舶	bo2	100
舷	xian2	100
舸	ge3	100
船	chuan2	100
舻	lu2	100
舾	xi1	100
艄	shao1	100
艅	yu2	100
艇	ting3	100
艉	wei3	100
艋	meng3	100
艎	huang2	100
艏	shou3	100
艘	sou1	100
艚	cao2	100
艟	chong1	100
艨	meng2	100
艮	gen4	100
艮	gen3	0
良	liang2	100
艰	jian1	100
色	se4	100
色	shai3	0
艳	yan4	100
艴	bo2	100
艺	yi4	100
艽	jiao1	100
艾	ai4	100
艾	yi4	0
艿	nai3	100
节	jie2	100
节	jie1	0
芃	peng2	100
芄	wan2	100
芈	mi3	100
芊	qian1	100
芋	yu4	100
芍	shao2	100
芎	xiong1	100
芏	du4	100
芑	qi3	100
芒	mang2	100
芗	xiang1	100
芘	bi3	100
芙	fu2	100
芜	wu2	100
芝	zhi1	100
芟	shan1	100
芠	wen2	100
芡	qian4	100
芣	fu2	100
芤	kou1	100
芥	jie4	100
芥	gai4	0
芦	lu2	95
芦	lu3	5
芨	ji1	100
芩	qin2	100
芪	qi2	100
芫	yuan2	95
芫	yan2	5
芬	fen1	100
芭	ba1	100
芮	rui4	100
芯	xin1	100
芯	xin4	0
芰	ji4	100
花	hua1	100
芳	fang1	100
芴	wu4	100
芷	zhi3	100
芸	yun2	100
芹	qin2	100
芼	mao4	100
芽	ya2	100
芾	fu2	95
芾	fei4	5
苁	cong1	100
苄	bian4	100
苇	wei3	100
苈	li4	100
苉	pi3	100
苊	e4	100
苋	xian4	100
苌	chang2	100
苍	cang1	100
苎	zhu4	100
苏	su1	100
苑	yuan4	100
苒	ran3	100
苓	ling2	100
苔	tai2	100
苔	tai1	0
苕	shao2	100
苗	miao2	100
苘	qing3	100
苛	ke1	100
苜	mu4	100
苞	bao1	100
苟	gou3	100
苠	min2	100
苡	yi3	100
苣	ju4	99
苣	qu3	1
苤	pie3	100
若	ruo4	100
苦	ku3	100
苧	ning2	100
苫	shan4	95
苫	shan1	5
苯	ben3	100
英	ying1	100
苴	ju1	100
苷	gan1	100
苹	ping2	100
苻	fu2	100
苾	bi4	100
茀	fu2	100
茁	zhuo2	100
茂	mao4	100
范	fan4	100
茄	qie2	100
茄	jia1	0
茅	mao2	100
茆	mao2	100
茈	zi3	95
茈	ci2	5
茉	mo4	100
茋	di3	100
茌	chi2	100
茎	jing1	100
茏	long2	100
茑	niao3	100
茓	xue2	100
茔	ying2	100
茕	qiong2	100
茗	ming2	100
茚	yin4	100
茛	gen4	100
茜	xi1	95
茜	qian4	5
茝	chai3	100
茧	jian3	100
茨	ci2	100
茫	mang2	100
茬	cha2	100
茭	jiao1	100
茯	fu2	100
茱	zhu1	100
茳	jiang1	100
茴	hui2	100
茵	yin1	100
茶	cha2	100
茸	rong2	100
茹	ru2	100
茺	chong1	100
茼	tong2	100
茽	zhong4	100
荀	xun2	100
荁	huan2	100
荃	quan2	100
荄	gai1	100
荆	jing1	100
荇	xing4	100
草	cao3	100
荏	ren3	100
荐	jian4	100
荑	ti2	99
荑	yi2	1
荒	huang1	100
荓	ping2	100
荔	li4	100
荖	lao3	100
荙	da2	100
荚	jia2	100
荛	rao2	100
荜	bi4	100
荞	qiao2	100
荟	hui4	100
荠	ji4	95
荠	qi2	5
荡	dang4	100
荣	rong2	100
荤	hun1	100
荥	xing2	99
荥	ying2	1
荦	luo4	100
荧	ying2	100
荨	xun2	95
荨	qian2	5
荩	jin4	100
荪	sun1	100
荫	yin4	95
荫	yin1	5
荬	mai3	100
荭	hong2	100
荮	zhou4	100
药	yao4	100
荷	he2	95
荷	he4	5
荸	bi2	100
荻	di2	100
荼	tu2	100
荽	sui1	100
莅	li4	100
莆	pu2	100
莉	li4	100
莎	sha1	100
莎	suo1	0
莒	ju3	100
莓	mei2	100
莘	shen1	95
莘	xin1	5
莙	jun1	100
莛	ting2	100
莜	you2	100
莝	cuo4	100
莞	wan3	95
莞	guan3	5
莠	you3	100
莨	lang4	99
莨	liang2	1
莩	fu2	100
莪	e2	100
莫	mo4	100
莰	kan3	100
莱	lai2	100
莲	lian2	100
莳	shi4	100
莳	shi2	0
莴	wo1	100
莶	xian1	100
获	huo4	100
莸	you2	100
莹	ying2	100
莺	ying1	100
莼	chun2	100
莽	mang3	100
莿	ci4	100
菀	wan3	100
菁	jing1	100
菂	di4	100
菅	jian1	100
菇	gu1	100
菉	lu4	100
菊	ju2	100
菌	jun1	100
菌	jun4	0
菍	nie4	100
菏	he2	100
菔	fu2	100
菖	chang1	100
菘	song1	100
菜	cai4	100
菝	ba2	100
菟	tu4	100
菠	bo1	100
菡	han4	100
菥	xi1	100
菩	pu2	100
菪	dang4	100
菰	gu1	100
菱	ling2	100
菲	fei1	100
菲	fei3	0
菹	zu1	100
菼	tan3	100
菽	shu1	100
萁	qi2	100
萃	cui4	100
萄	tao2	100
萆	bi4	100
萋	qi1	100
萌	meng2	100
萍	ping2	100
萎	wei3	100
萏	dan4	100
萑	huan2	100
萘	nai4	100
萚	tuo4	100
萜	tie1	100
萝	luo2	100
萣	ding4	100
萤	ying2	100
营	ying2	100
萦	ying2	100
萧	xiao1	100
萨	sa4	100
萩	qiu1	100
萱	xuan1	100
萳	nan2	100
萸	yu2	100
萹	bian1	100
萼	e4	100
落	luo4	95
落	la4	3
落	lao4	2
葆	bao3	100
葎	lv4	100
葑	feng1	100
葖	tu1	100
著	zhu4	100
著	zhuo2	0
葙	xiang1	100
葚	shen4	95
葚	ren4	5
葛	ge3	100
葛	ge2	0
葜	qia1	100
葡	pu2	100
董	dong3	100
葩	pa1	100
葫	hu2	100
葬	zang4	100
葭	jia1	100
葰	jun4	60
葰	suo3	40
葱	cong1	100
葳	wei1	100
葴	zhen1	100
葵	kui2	100
葶	ting2	100
葸	xi3	100
葺	qi4	100
蒂	di4	100
蒄	guan1	100
蒇	chan3	100
蒈	kai3	100
蒉	kui4	100
蒋	jiang3	100
蒌	lou2	100
蒎	pai4	100
蒐	sou1	100
蒗	lang4	100
蒙	meng1	50
蒙	meng2	50
蒙	meng3	0
蒜	suan4	100
蒟	ju3	100
蒡	bang4	100
蒨	qian4	100
蒯	kuai3	100
蒱	pu2	100
蒲	pu2	100
蒴	shuo4	100
蒸	zheng1	100
蒹	jian1	100
蒺	ji2	100
蒻	ruo4	100
蒽	en1	100
蒿	hao1	100
蓁	zhen1	100
蓂	mi4	100
蓄	xu4	100
蓇	gu1	100
蓉	rong2	100
蓊	weng3	100
蓍	shi1	100
蓏	luo3	100
蓐	ru4	100
蓑	suo1	100
蓓	bei4	100
蓖	bi4	100
蓝	lan2	100
蓟	ji4	100
蓠	li2	100
蓢	lang3	100
蓣	yu4	100
蓥	ying2	100
蓦	mo4	100
蓬	peng2	100
蓰	xi3	100
蓼	liao3	100
蓿	xu5	100
蔀	bu4	100
蔃	qiang2	100
蔈	piao4	100
蔊	han4	60
蔊	han3	40
蔌	su4	100
蔑	mie4	100
蔓	man4	100
蔓	man2	0
蔓	wan4	0
蔗	zhe4	100
蔚	wei4	100
蔚	yu4	0
蔟	cu4	100
蔡	cai4	100
蔫	nian1	100
蔬	shu1	100
蔷	qiang2	100
蔸	dou1	100
蔹	lian3	100
蔺	lin4	100
蔻	kou4	100
蔼	ai3	100
蔽	bi4	100
蕃	bo1	100
蕈	xun4	100
蕉	jiao1	100
蕊	rui3	100
蕖	qu2	100
蕗	lu4	100
蕙	hui4	100
蕞	zui4	100
蕤	rui2	100
蕨	jue2	100
蕰	wen1	100
蕲	qi2	100
蕴	yun4	100
蕹	weng4	100
蕺	ji2	100
蕻	hong2	100
蕾	lei3	100
薁	ao4	100
薄	bao2	100
薄	bo2	0
薄	bo4	0
薅	hao1	100
薇	wei1	100
薏	yi4	100
薛	xue1	100
薜	bi4	100
薢	xie4	100
薤	xie4	100
薨	hong1	100
薪	xin1	100
薮	sou3	100
薯	shu3	100
薰	xun1	100
薳	wei3	100
薷	ru2	100
薸	piao2	100
薹	tai2	100
薿	ni3	100
藁	gao3	100
藉	ji2	95
藉	jie4	5
藏	cang2	95
藏	zang4	5
藐	miao3	100
藓	xian3	100
藕	ou3	100
藜	li2	100
藟	lei3	100
藠	jiao4	100
藤	teng2	100
藦	mo2	100
藨	biao1	100
藩	fan1	100
藻	zao3	100
藿	huo4	100
蘅	heng2	100
蘑	mo2	100
蘖	nie4	100
蘘	rang2	100
蘧	qu2	100
蘩	fan2	100
蘸	zhan4	100
蘼	mi2	100
虎	hu3	100
虏	lu3	100
虐	nve4	100
虑	lv4	100
虒	si1	100
虓	xiao1	100
虔	qian2	100
虚	xu1	100
虞	yu2	100
虢	guo2	100
虤	yan2	100
虫	chong2	100
虬	qiu2	100
虮	ji3	100
虱	shi1	100
虷	gan1	60
虷	han2	40
虸	zi3	100
虹	hong2	100
虹	jiang4	0
虺	hui3	100
虻	meng2	100
虼	ge4	100
虽	sui1	100
虾	xia1	100
虿	chai4	100
蚀	shi2	100
蚁	yi3	100
蚂	ma3	100
蚂	ma4	0
蚄	fang1	100
蚆	ba1	100
蚊	wen2	100
蚋	rui4	100
蚌	beng4	90
蚌	bang4	10
蚍	pi2	100
蚓	yin3	100
蚕	can2	100
蚜	ya2	100
蚝	hao2	100
蚣	gong1	100
蚤	zao3	100
蚧	jie4	100
蚨	fu2	100
蚩	chi1	100
蚪	dou3	100
蚬	xian3	100
蚯	qiu1	100
蚰	you2	100
蚱	zha4	100
蚲	ping2	100
蚴	you4	100
蚶	han1	100
蚺	ran2	100
蛀	zhu4	100
蛃	bing3	100
蛄	gu1	95
蛄	gu3	5
蛆	qu1	100
蛇	she2	100
蛉	ling2	100
蛊	gu3	100
蛋	dan4	100
蛎	li4	100
蛏	cheng1	100
蛐	qu1	100
蛑	mou2	100
蛔	hui2	100
蛘	yang2	100
蛙	wa1	100
蛛	zhu1	100
蛞	kuo4	100
蛟	jiao1	100
蛤	ha2	100
蛤	ge2	0
蛩	qiong2	100
蛭	zhi4	100
蛮	man2	100
蛰	zhe2	100
蛱	jia2	100
蛲	nao2	100
蛳	si1	100
蛴	qi2	100
蛸	xiao1	100
蛸	shao1	0
蛹	yong3	100
蛾	e2	100
蜀	shu3	100
蜂	feng1	100
蜃	shen4	100
蜇	zhe1	100
蜇	zhe2	0
蜈	wu2	100
蜉	fu2	100
蜊	li2	100
蜍	chu2	100
蜎	yuan1	100
蜐	jie2	100
蜒	yan2	100
蜓	ting2	100
蜕	tui4	100
蜗	wo1	100
蜘	zhi1	100
蜚	fei3	100
蜚	fei1	0
蜜	mi4	100
蜞	qi2	100
蜡	la4	100
蜢	meng3	100
蜣	qiang1	100
蜥	xi1	100
蜩	tiao2	100
蜮	yu4	100
蜱	pi2	100
蜴	yi4	100
蜷	quan2	100
蜻	qing1	100
蜾	guo3	100
蜿	wan1	100
蝇	ying2	100
蝈	guo1	100
蝉	chan2	100
蝌	ke1	100
蝎	xie1	100
蝓	yu2	100
蝗	huang2	100
蝘	yan3	100
蝙	bian1	100
蝠	fu2	100
蝣	you2	100
蝤	qiu2	100
蝤	you2	0
蝥	mao2	100
蝮	fu4	100
蝰	kui2	100
蝲	la4	100
蝴	hu2	100
蝶	die2	100
蝻	nan3	100
蝼	lou2	100
蝽	chun1	100
蝾	rong2	100
螂	lang2	100
螃	pang2	100
螅	xi1	100
螈	yuan2	100
螋	sou1	100
融	rong2	100
螗	tang2	100
螟	ming2	100
螠	yi4	100
螣	teng2	100
螨	man3	100
螫	shi4	100
螬	cao2	100
螭	chi1	100
螯	ao2	100
螱	wei4	100
螳	tang2	100
螵	piao1	100
螺	luo2	100
螽	zhong1	100
蟀	shuai4	100
蟆	ma2	100
蟊	mao2	100
蟋	xi1	100
蟏	xiao1	100
蟑	zhang1	100
蟒	mang3	100
蟛	peng2	100
蟠	pan2	100
蟥	huang2	100
蟪	hui4	100
蟫	yin2	100
蟮	shan4	100
蟹	xie4	100
蟾	chan2	100
蠃	luo3	100
蠊	lian2	100
蠋	zhu2	100
蠓	meng3	100
蠕	ru2	100
蠖	huo4	100
蠡	li3	95
蠡	li2	5
蠢	chun3	100
蠲	juan1	100
蠹	du4	100
蠼	qu2	100
血	xie3	100
血	xue4	0
衃	pei1	100
衄	nv4	100
衅	xin4	100
行	xing2	90
行	hang2	10
行	heng2	0
衍	yan3	100
衎	kan4	100
衒	xuan4	100
衔	xian2	100
街	jie1	100
衙	ya2	100
衠	zhun1	100
衡	heng2	100
衢	qu2	100
衣	yi1	100
补	bu3	100
表	biao3	100
衩	cha3	100
衩	cha4	0
衫	shan1	100
衬	chen4	100
衮	gun3	100
衰	shuai1	100
衲	na4	100
衷	zhong1	100
衽	ren4	100
衾	qin1	100
衿	jin1	100
袁	yuan2	100
袂	mei4	100
袄	ao3	100
袅	niao3	100
袆	hui1	100
袈	jia1	100
袋	dai4	100
袍	pao2	100
袒	tan3	100
袖	xiu4	100
袗	zhen3	100
袜	wa4	100
袢	pan4	100
袤	mao4	100
袪	qu1	100
被	bei4	100
袭	xi2	100
袯	bo2	100
袱	fu2	100
袷	qia1	100
袼	ge1	100
裁	cai2	100
裂	lie4	100
装	zhuang1	100
裆	dang1	100
裈	kun1	100
裉	ken4	100
裎	cheng2	100
裎	cheng3	0
裒	pou2	100
裔	yi4	100
裕	yu4	100
裘	qiu2	100
裙	qun2	100
裛	yi4	100
裟	sha1	100
裢	lian2	100
裣	lian3	100
裤	ku4	100
裥	jian3	100
裨	bi4	100
裰	duo1	100
裱	biao3	100
裳	shang5	100
裴	pei2	100
裸	luo3	100
裹	guo3	100
裼	xi1	100
裼	ti4	0
裾	ju1	100
褂	gua4	100
褊	bian3	100
褐	he4	100
褒	bao1	100
褓	bao3	100
褕	yu2	100
褙	bei4	100
褚	chu3	100
褛	lv3	100
褟	ta1	100
褡	da1	100
褥	ru4	100
褪	tui4	100
褪	tun4	0
褫	chi3	100
褯	jie4	100
褰	qian1	100
褴	lan2	100
褶	zhe3	100
襁	qiang3	100
襄	xiang1	100
襕	lan2	100
襚	sui4	100
襜	chan1	100
襞	bi4	100
襟	jin1	100
襦	ru2	100
襫	shi4	100
襻	pan4	100
西	xi1	100
要	yao4	100
要	yao1	0
覃	qin2	95
覃	tan2	5
覆	fu4	100
见	jian4	100
见	xian4	0
观	guan1	99
观	guan4	1
觃	yan4	100
规	gui1	100
觅	mi4	100
视	shi4	100
觇	chan1	100
览	lan3	100
觉	jue2	100
觉	jiao4	0
觊	ji4	100
觋	xi2	100
觌	di2	100
觎	yu2	100
觏	gou4	100
觐	jin4	100
觑	qu4	100
角	jiao3	100
角	jue2	0
觖	jue2	100
觚	gu1	100
觜	zi1	100
觞	shang1	100
觟	hua4	100
解	jie3	100
解	jie4	0
解	xie4	0
觥	gong1	100
触	chu4	100
觫	su4	100
觭	ji1	100
觯	zhi4	100
觱	bi4	100
觳	hu2	100
觿	xi1	100
言	yan2	100
訄	qiu2	100
訇	hong1	100
訚	yin2	100
訾	zi3	100
詈	li4	100
詟	zhe2	100
詹	zhan1	100
誉	yu4	100
誊	teng2	100
誓	shi4	100
謇	jian3	100
警	jing3	100
譬	pi4	100
计	ji4	100
订	ding4	100
讣	fu4	100
认	ren4	100
讥	ji1	100
讦	jie2	100
讧	hong4	100
讨	tao3	100
让	rang4	100
讪	shan4	100
讫	qi4	100
训	xun4	100
议	yi4	100
讯	xun4	100
记	ji4	100
讱	ren4	100
讲	jiang3	100
讳	hui4	100
讴	ou1	100
讵	ju4	100
讶	ya4	100
讷	ne4	100
许	xu3	100
讹	e2	100
论	lun4	100
论	lun2	0
讻	xiong1	100
讼	song4	100
讽	feng3	100
设	she4	100
访	fang3	100
诀	jue2	100
证	zheng4	100
诂	gu3	100
诃	he1	100
评	ping2	100
诅	zu3	100
识	shi2	100
识	zhi4	0
诇	xiong4	100
诈	zha4	100
诉	su4	100
诊	zhen3	100
诋	di3	100
诌	zhou1	100
词	ci2	100
诎	qu1	100
诏	zhao4	100
诐	bi4	100
译	yi4	100
诒	yi2	100
诓	kuang1	100
诔	lei3	100
试	shi4	100
诖	gua4	100
诗	shi1	100
诘	jie2	100
诙	hui1	100
诚	cheng2	100
诛	zhu1	100
诜	shen1	100
话	hua4	100
诞	dan4	100
诟	gou4	100
诠	quan2	100
诡	gui3	100
询	xun2	100
诣	yi4	100
诤	zheng4	100
该	gai1	100
详	xiang2	100
诧	cha4	100
诨	hun4	100
诩	xu3	100
诫	jie4	100
诬	wu1	100
语	yu3	100
诮	qiao4	100
误	wu4	100
诰	gao4	100
诱	you4	100
诲	hui4	100
诳	kuang2	100
说	shuo1	100
说	shui4	0
诵	song4	100
请	qing3	100
诸	zhu1	100
诹	zou1	100
诺	nuo4	100
读	du2	100
读	dou4	0
诼	zhuo2	100
诽	fei3	100
课	ke4	100
诿	wei3	100
谀	yu2	100
谁	shei2	100
谁	shui2	0
谂	shen3	100
调	diao4	50
调	tiao2	50
谄	chan3	100
谅	liang4	100
谆	zhun1	100
谇	sui4	100
谈	tan2	100
谊	yi4	100
谋	mou2	100
谌	chen2	100
谍	die2	100
谎	huang3	100
谏	jian4	100
谐	xie2	100
谑	xue4	100
谒	ye4	100
谓	wei4	100
谔	e4	100
谕	yu4	100
谖	xuan1	100
谗	chan2	100
谙	an1	100
谚	yan4	100
谛	di4	100
谜	mi2	100
谝	pian3	100
谞	xu1	100
谟	mo2	100
谠	dang3	100
谡	su4	100
谢	xie4	100
谣	yao2	100
谤	bang4	100
谥	shi4	100
谦	qian1	100
谧	mi4	100
谨	jin3	100
谩	man4	100
谪	zhe2	100
谫	jian3	100
谬	miu4	100
谭	tan2	100
谮	zen4	100
谯	qiao2	100
谰	lan2	100
谱	pu3	100
谲	jue2	100
谳	yan4	100
谴	qian3	100
谵	zhan1	100
谶	chen4	100
谷	gu3	100
谼	hong2	100
谿	xi1	100
豁	huo1	100
豁	huo4	0
豆	dou4	100
豇	jiang1	100
豉	chi3	100
豌	wan1	100
豕	shi3	100
豚	tun2	100
象	xiang4	100
豢	huan4	100
豨	xi1	100
豪	hao2	100
豫	yu4	100
豮	fen2	100
豳	bin1	100
豸	zhi4	100
豸	zhai4	0
豹	bao4	100
豺	chai2	100
貂	diao1	100
貅	xiu1	100
貆	huan2	100
貉	he2	99
貉	hao2	1
貊	mo4	100
貌	mao4	100
貔	pi2	100
貘	mo4	100
贝	bei4	100
贞	zhen1	100
负	fu4	100
贡	gong4	100
财	cai2	100
责	ze2	100
贤	xian2	100
败	bai4	100
账	zhang4	100
货	huo4	100
质	zhi4	100
贩	fan4	100
贪	tan1	100
贫	pin2	100
贬	bian3	100
购	gou4	100
贮	zhu4	100
贯	guan4	100
贰	er4	100
贱	jian4	100
贲	ben1	100
贳	shi4	100
贴	tie1	100
贵	gui4	100
贶	kuang4	100
贷	dai4	100
贸	mao4	100
费	fei4	100
贺	he4	100
贻	yi2	100
贼	zei2	100
贽	zhi4	100
贾	jia3	100
贾	gu3	0
贿	hui4	100
赀	zi1	100
赁	lin4	100
赂	lu4	100
赃	zang1	100
资	zi1	100
赅	gai1	100
赆	jin4	100
赇	qiu2	100
赈	zhen4	100
赉	lai4	100
赊	she1	100
赋	fu4	100
赌	du3	100
赍	ji1	100
赎	shu2	100
赏	shang3	100
赐	ci4	100
赑	bi4	100
赒	zhou1	100
赓	geng1	100
赔	pei2	100
赕	dan3	100
赖	lai4	100
赗	feng4	100
赘	zhui4	100
赙	fu4	100
赚	zhuan4	100
赛	sai4	100
赜	ze2	100
赝	yan4	100
赞	zan4	100
赟	yun1	100
赠	zeng4	100
赡	shan4	100
赢	ying2	100
赣	gan4	100
赤	chi4	100
赦	she4	100
赧	nan3	100
赪	cheng1	100
赫	he4	100
赭	zhe3	100
走	zou3	100
赳	jiu1	100
赴	fu4	100
赵	zhao4	100
赶	gan3	100
起	qi3	100
趁	chen4	100
趄	qie4	95
趄	ju1	5
超	chao1	100
越	yue4	100
趋	qu1	100
趑	zi1	100
趔	lie4	100
趟	tang4	100
趣	qu4	100
趯	ti4	100
趱	zan3	100
足	zu2	100
趴	pa1	100
趵	bao4	100
趸	dun3	100
趺	fu1	100
趼	jian3	100
趾	zhi3	100
趿	ta1	100
跂	qi2	100
跃	yue4	100
跄	qiang4	100
跆	tai2	100
跋	ba2	100
跌	die1	100
跎	tuo2	100
跏	jia1	100
跐	ci1	100
跑	pao3	100
跑	pao2	0
跖	zhi2	100
跗	fu1	100
跚	shan1	100
跛	bo3	100
距	ju4	100
跞	li4	100
跟	gen1	100
跣	xian3	100
跤	jiao1	100
跨	kua4	100
跪	gui4	100
跬	kui3	100
路	lu4	100
跱	zhi4	100
跳	tiao4	100
践	jian4	100
跶	da5	100
跷	qiao1	100
跸	bi4	100
跹	xian1	100
跺	duo4	100
跻	ji1	100
跽	ji4	100
踅	xue2	100
踉	liang4	100
踊	yong3	100
踌	chou2	100
踏	ta4	100
踏	ta1	0
踒	wo1	100
踔	chuo1	100
踝	huai2	100
踞	ju4	100
踟	chi2	100
踢	ti1	100
踣	bo2	100
踦	yi3	100
踩	cai3	100
踪	zong1	100
踬	zhi4	100
踮	dian3	100
踯	zhi2	100
踱	duo2	100
踵	zhong3	100
踶	di4	100
踹	chuai4	100
踺	jian4	100
踽	ju3	100
蹀	die2	100
蹁	pian2	100
蹂	rou2	100
蹄	ti2	100
蹅	cha3	100
蹇	jian3	100
蹈	dao3	100
蹉	cuo1	100
蹊	xi1	99
蹊	qi1	1
蹋	ta4	100
蹐	ji2	100
蹑	nie4	100
蹒	pan2	100
蹙	cu4	100
蹚	tang1	100
蹜	su4	100
蹢	di2	100
蹦	beng4	100
蹩	bie2	100
蹬	deng1	100
蹭	ceng4	100
蹯	fan2	100
蹰	chu2	100
蹲	dun1	100
蹴	cu4	100
蹶	jue2	100
蹶	jue3	0
蹼	pu3	100
蹽	liao1	100
蹾	dun1	100
蹿	cuan1	100
躁	zao4	100
躅	zhu2	100
躇	chu2	100
躏	lin4	100
躐	lie4	100
躔	chan2	100
躜	zuan1	100
躞	xie4	100
身	shen1	100
躬	gong1	100
躯	qu1	100
躲	duo3	100
躺	tang3	100
车	che1	100
车	ju1	0
轧	ya4	100
轧	zha2	0
轨	gui3	100
轩	xuan1	100
轪	dai4	100
轫	ren4	100
转	zhuan3	95
转	zhuan4	5
轭	e4	100
轮	lun2	100
软	ruan3	100
轰	hong1	100
轱	gu1	100
轲	ke1	100
轳	lu2	100
轴	zhou2	100
轴	zhou4	0
轵	zhi3	100
轶	yi4	100
轷	hu1	100
轸	zhen3	100
轹	li4	100
轺	yao2	100
轻	qing1	100
轼	shi4	100
载	zai4	95
载	zai3	5
轾	zhi4	100
轿	jiao4	100
辀	zhou1	100
辁	quan2	100
辂	lu4	100
较	jiao4	100
辄	zhe2	100
辅	fu3	100
辆	liang4	100
辇	nian3	100
辈	bei4	100
辉	hui1	100
辊	gun3	100
辋	wang3	100
辌	liang2	100
辍	chuo4	100
辎	zi1	100
辏	cou4	100
辐	fu2	100
辑	ji2	100
辒	wen1	100
输	shu1	100
辔	pei4	100
辕	yuan2	100
辖	xia2	100
辗	zhan3	100
辘	lu4	100
辙	zhe2	100
辚	lin2	100
辛	xin1	100
辜	gu1	100
辞	ci2	100
辟	bi4	95
辟	pi4	5
辣	la4	100
辨	bian4	100
辩	bian4	100
辫	bian4	100
辰	chen2	100
辱	ru3	100
边	bian1	100
辽	liao2	100
达	da2	100
辿	chan1	100
迁	qian1	100
迂	yu1	100
迄	qi4	100
迅	xun4	100
过	guo4	100
过	guo1	0
迈	mai4	100
迎	ying2	100
运	yun4	100
近	jin4	100
迓	ya4	100
返	fan3	100
迕	wu3	100
还	hai2	95
还	huan2	5
这	zhe4	100
进	jin4	100
远	yuan3	100
违	wei2	100
连	lian2	100
迟	chi2	100
迢	tiao2	100
迤	yi3	100
迤	yi2	0
迥	jiong3	100
迦	jia1	100
迨	dai4	100
迩	er3	100
迪	di2	100
迫	po4	100
迫	pai3	0
迭	die2	100
迮	ze2	100
述	shu4	100
迳	jing4	100
迷	mi2	100
迸	beng4	100
迹	ji4	100
迺	nai3	100
追	zhui1	100
退	tui4	100
送	song4	100
适	shi4	100
逃	tao2	100
逄	pang2	100
逅	hou4	100
逆	ni4	100
选	xuan3	100
逊	xun4	100
逋	bu1	100
逍	xiao1	100
透	tou4	100
逐	zhu2	100
逑	qiu2	100
递	di4	100
途	tu2	100
逖	ti4	100
逗	dou4	100
通	tong1	99
通	tong4	1
逛	guang4	100
逝	shi4	100
逞	cheng3	100
速	su4	100
造	zao4	100
逡	qun1	100
逢	feng2	100
逦	li3	100
逭	huan4	100
逮	dai3	100
逮	dai4	0
逯	lu4	100
逴	chuo1	100
逵	kui2	100
逶	wei1	100
逸	yi4	100
逻	luo2	100
逼	bi1	100
逾	yu2	100
遁	dun4	100
遂	sui4	100
遂	sui2	0
遄	chuan2	100
遆	ti2	100
遇	yu4	100
遍	bian4	100
遏	e4	100
遐	xia2	100
遑	huang2	100
遒	qiu2	100
道	dao4	100
遗	yi2	100
遘	gou4	100
遛	liu4	100
遢	ta1	100
遣	qian3	100
遥	yao2	100
遨	ao2	100
遭	zao1	100
遮	zhe1	100
遴	lin2	100
遵	zun1	100
遹	yu4	100
遽	ju4	100
避	bi4	100
邀	yao1	100
邂	xie4	100
邃	sui4	100
邈	miao3	100
邋	la1	100
邑	yi4	100
邓	deng4	100
邕	yong1	100
邗	han2	100
邘	yu2	100
邙	mang2	100
邛	qiong2	100
邝	kuang4	100
邠	bin1	100
邡	fang1	100
邢	xing2	100
那	na4	100
那	na1	0
邦	bang1	100
邨	cun1	100
邪	xie2	100
邬	wu1	100
邮	you2	100
邯	han2	100
邰	tai2	100
邱	qiu1	100
邲	bi4	100
邳	pi1	100
邴	bing3	100
邵	shao4	100
邶	bei4	100
邸	di3	100
邹	zou1	100
邺	ye4	100
邻	lin2	100
邽	gui1	100
邾	zhu1	100
邿	shi1	100
郁	yu4	100
郃	he2	100
郄	qie4	100
郅	zhi4	100
郇	xun2	95
郇	huan2	5
郈	hou4	100
郊	jiao1	100
郎	lang2	100
郎	lang4	0
郏	jia2	100
郐	kuai4	100
郑	zheng4	100
郓	yun4	100
郗	xi1	100
郚	wu2	100
郛	fu2	100
郜	gao4	100
郝	hao3	100
郡	jun4	100
郢	ying3	100
郤	xi4	100
郦	li4	100
郧	yun2	100
部	bu4	100
郪	qi1	100
郫	pi2	100
郭	guo1	100
郯	tan2	100
郴	chen1	100
郸	dan1	100
都	dou1	100
都	du1	0
郾	yan3	100
郿	mei2	100
鄀	ruo4	100
鄂	e4	100
鄃	shu1	100
鄄	juan4	100
鄅	yu3	100
鄌	tang2	100
鄑	zi1	100
鄗	hao4	100
鄘	yong1	100
鄙	bi3	100
鄚	mao4	100
鄜	fu1	100
鄞	yin2	100
鄠	hu4	100
鄢	yan1	100
鄣	zhang1	100
鄫	zeng1	100
鄯	shan4	100
鄱	po2	100
鄹	zou1	100
酂	zan4	100
酃	ling2	100
酅	xi1	100
酆	feng1	100
酉	you3	100
酊	ding1	99
酊	ding3	1
酋	qiu2	100
酌	zhuo2	100
配	pei4	100
酎	zhou4	100
酏	yi3	100
酐	gan1	100
酒	jiu3	100
酗	xu4	100
酚	fen1	100
酝	yun4	100
酞	tai4	100
酡	tuo2	100
酢	zuo4	100
酣	han1	100
酤	gu1	100
酥	su1	100
酦	po1	100
酩	ming3	100
酪	lao4	100
酬	chou2	100
酮	tong2	100
酯	zhi3	100
酰	xian1	100
酱	jiang4	100
酲	cheng2	100
酴	tu2	100
酵	jiao4	100
酶	mei2	100
酷	ku4	100
酸	suan1	100
酹	lei4	100
酺	pu2	100
酽	yan4	100
酾	shi1	100
酿	niang4	100
醅	pei1	100
醇	chun2	100
醉	zui4	100
醋	cu4	100
醌	kun1	100
醍	ti2	100
醐	hu2	100
醑	xu3	100
醒	xing3	100
醚	mi2	100
醛	quan2	100
醢	hai3	100
醨	li2	100
醪	lao2	100
醭	bu2	100
醮	jiao4	100
醯	xi1	100
醴	li3	100
醵	ju4	100
醺	xun1	100
醾	mi2	100
采	cai3	100
采	cai4	0
釉	you4	100
释	shi4	100
里	li3	100
重	chong2	50
重	zhong4	50
野	ye3	100
量	liang2	90
量	liang4	10
釐	xi1	100
金	jin1	100
釜	fu3	100
鉴	jian4	100
銎	qiong2	100
銮	luan2	100
鋆	yun2	100
鋈	wu4	100
錾	zan4	100
鍪	mou2	100
鎏	liu2	100
鏊	ao4	100
鏖	ao2	100
鐾	bei4	100
鑫	xin1	100
钆	ga2	100
钇	yi3	100
针	zhen1	100
钉	ding1	95
钉	ding4	5
钊	zhao1	100
钋	po1	100
钌	liao3	95
钌	liao4	5
钍	tu3	100
钎	qian1	100
钏	chuan4	100
钐	shan4	95
钐	shan1	5
钒	fan2	100
钓	diao4	100
钔	men2	100
钕	nv3	100
钖	yang2	100
钗	chai1	100
钘	xing2	100
钙	gai4	100
钚	bu4	100
钛	tai4	100
钜	ju4	100
钝	dun4	100
钞	chao1	100
钟	zhong1	100
钠	na4	100
钡	bei4	100
钢	gang1	100
钢	gang4	0
钣	ban3	100
钤	qian2	100
钥	yue4	95
钥	yao4	5
钦	qin1	100
钧	jun1	100
钨	wu1	100
钩	gou1	100
钪	kang4	100
钫	fang1	100
钬	huo3	100
钭	dou3	100
钮	niu3	100
钯	ba3	100
钰	yu4	100
钱	qian2	100
钲	zheng1	100
钳	qian2	100
钴	gu3	100
钵	bo1	100
钷	po3	100
钹	bo2	100
钺	yue4	100
钻	zuan1	95
钻	zuan4	5
钼	mu4	100
钽	tan3	100
钾	jia3	100
钿	dian4	100
铀	you2	100
铁	tie3	100
铂	bo2	100
铃	ling2	100
铄	shuo4	100
铅	qian1	100
铅	yan2	0
铆	mao3	100
铈	shi4	100
铉	xuan4	100
铊	ta1	95
铊	tuo2	5
铋	bi4	100
铌	ni2	100
铍	pi2	100
铎	duo2	100
铏	xing2	100
铐	kao4	100
铑	lao3	100
铒	er3	100
铕	you3	100
铖	cheng2	100
铗	jia2	100
铘	ye2	100
铙	nao2	100
铚	zhi4	100
铛	cheng1	95
铛	dang1	5
铜	tong2	100
铝	lv3	100
铞	diao4	100
铟	yin1	100
铠	kai3	100
铡	zha2	100
铢	zhu1	100
铣	xi3	100
铤	ting3	100
铥	diu1	100
铧	hua2	100
铨	quan2	100
铩	sha1	100
铪	ha1	100
铫	yao2	95
铫	diao4	5
铬	ge4	100
铭	ming2	100
铮	zheng1	100
铯	se4	100
铰	jiao3	100
铱	yi1	100
铲	chan3	100
铳	chong4	100
铴	tang1	100
铵	an3	100
银	yin2	100
铷	ru2	100
铸	zhu4	100
铹	lao2	100
铺	pu1	95
铺	pu4	5
铻	wu2	100
铼	lai2	100
铽	te4	100
链	lian4	100
铿	keng1	100
销	xiao1	100
锁	suo3	100
锂	li3	100
锃	zeng4	100
锄	chu2	100
锅	guo1	100
锆	gao4	100
锇	e2	100
锈	xiu4	100
锉	cuo4	100
锊	lve4	100
锋	feng1	100
锌	xin1	100
锍	liu3	100
锎	kai1	100
锏	jian3	100
锐	rui4	100
锑	ti1	100
锒	lang2	100
锓	qin3	100
锔	ju2	95
锔	ju1	5
锕	a1	100
锖	qiang1	100
锗	zhe3	100
锘	nuo4	100
错	cuo4	100
锚	mao2	100
锛	ben1	100
锜	qi2	100
锝	de2	100
锞	ke4	100
锟	kun1	100
锡	xi1	100
锢	gu4	100
锣	luo2	100
锤	chui2	100
锥	zhui1	100
锦	jin3	100
锧	zhi4	100
锨	xian1	100
锩	juan3	100
锪	huo1	100
锫	pei2	100
锬	tan2	100
锭	ding4	100
键	jian4	100
锯	ju4	100
锰	meng3	100
锱	zi1	100
锲	qie4	100
锳	ying1	100
锴	kai3	100
锵	qiang1	100
锶	si1	100
锷	e4	100
锸	cha1	100
锹	qiao1	100
锺	zhong1	100
锻	duan4	100
锼	sou1	100
锽	huang2	100
锾	huan2	100
锿	ai1	100
镀	du4	100
镁	mei3	100
镂	lou4	100
镃	zi1	100
镄	fei4	100
镅	mei2	100
镆	mo4	100
镇	zhen4	100
镈	bo2	100
镉	ge2	100
镊	nie4	100
镋	tang3	100
镌	juan1	100
镍	nie4	100
镎	na2	100
镏	liu2	95
镏	liu4	5
镐	gao3	100
镑	bang4	100
镒	yi4	100
镓	jia1	100
镔	bin1	100
镕	rong2	100
镖	biao1	100
镗	tang2	95
镗	tang1	5
镘	man4	100
镚	beng4	100
镛	yong1	100
镜	jing4	100
镝	di1	100
镞	zu2	100
镠	liu2	100
镡	tan2	97
镡	chan2	3
镢	jue2	100
镣	liao4	100
镤	pu2	100
镥	lu3	100
镦	dun1	100
镧	lan2	100
镨	pu3	100
镩	cuan1	100
镪	qiang1	100
镫	deng4	100
镬	huo4	100
镭	lei2	100
镮	huan2	100
镯	zhuo2	100
镰	lian2	100
镱	yi4	100
镲	cha3	100
镳	biao1	100
镴	la4	100
镵	chan2	100
镶	xiang1	100
长	chang2	95
长	zhang3	5
门	men2	100
闩	shuan1	100
闪	shan3	100
闫	yan2	100
闭	bi4	100
问	wen4	100
闯	chuang3	100
闰	run4	100
闱	wei2	100
闲	xian2	100
闳	hong2	100
间	jian1	95
间	jian4	5
闵	min3	100
闶	kang4	100
闷	men1	50
闷	men4	50
闸	zha2	100
闹	nao4	100
闺	gui1	100
闻	wen2	100
闼	ta4	100
闽	min3	100
闾	lv2	100
闿	kai3	100
阀	fa2	100
阁	ge2	100
阂	he2	100
阃	kun3	100
阄	jiu1	100
阅	yue4	100
阆	lang4	100
阇	du1	95
阇	she2	5
阈	yu4	100
阉	yan1	100
阊	chang1	100
阋	xi4	100
阌	wen2	100
阍	hun1	100
阎	yan2	100
阏	yan1	100
阐	chan3	100
阑	lan2	100
阒	qu4	100
阔	kuo4	100
阕	que4	100
阖	he2	100
阗	tian2	100
阘	ta4	100
阙	que4	100
阙	que1	0
阚	kan4	100
阜	fu4	100
队	dui4	100
阡	qian1	100
阪	ban3	100
阮	ruan3	100
阱	jing3	100
防	fang2	100
阳	yang2	100
阴	yin1	100
阵	zhen4	100
阶	jie1	100
阻	zu3	100
阼	zuo4	100
阽	dian4	100
阿	a1	100
阿	e1	0
陀	tuo2	100
陂	pi2	100
附	fu4	100
际	ji4	100
陆	lu4	100
陆	liu4	0
陇	long3	100
陈	chen2	100
陉	xing2	100
陋	lou4	100
陌	mo4	100
降	jiang4	100
降	xiang2	0
陎	shu1	100
限	xian4	100
陑	er2	100
陔	gai1	100
陕	shan3	100
陛	bi4	100
陞	sheng1	100
陟	zhi4	100
陡	dou3	100
院	yuan4	100
除	chu2	100
陧	nie4	100
陨	yun3	100
险	xian3	100
陪	pei2	100
陬	zou1	100
陲	chui2	100
陴	pi2	100
陵	ling2	100
陶	tao2	100
陷	xian4	100
隃	shu4	100
隅	yu2	100
隆	long2	100
隈	wei1	100
隋	sui2	100
隍	huang2	100
随	sui2	100
隐	yin3	100
隔	ge2	100
隗	wei3	100
隘	ai4	100
隙	xi4	100
障	zhang4	100
隧	sui4	100
隩	ao4	100
隰	xi2	100
隳	hui1	100
隶	li4	100
隹	zhui1	100
隺	he4	100
隼	sun3	100
隽	juan4	100
难	nan2	99
难	nan4	1
雀	que4	100
雀	qiao1	0
雀	qiao3	0
雁	yan4	100
雄	xiong2	100
雅	ya3	100
集	ji2	100
雇	gu4	100
雉	zhi4	100
雊	gou4	100
雌	ci2	100
雍	yong1	100
雎	ju1	100
雏	chu2	100
雒	luo4	100
雕	diao1	100
雠	chou2	100
雨	yu3	100
雩	yu2	100
雪	xue3	100
雯	wen2	100
雱	pang1	100
雳	li4	100
零	ling2	100
雷	lei2	100
雹	bao2	100
雾	wu4	100
需	xu1	100
霁	ji4	100
霄	xiao1	100
霅	zha4	100
霆	ting2	100
震	zhen4	100
霈	pei4	100
霉	mei2	100
霍	huo4	100
霎	sha4	100
霏	fei1	100
霓	ni2	100
霖	lin2	100
霜	shuang1	100
霞	xia2	100
霨	wei4	100
霪	yin2	100
霭	ai3	100
霰	xian4	100
露	lou4	100
露	lu4	0
霸	ba4	100
霹	pi1	100
霾	mai2	100
青	qing1	100
靓	liang4	100
靓	jing4	0
靖	jing4	100
静	jing4	100
靛	dian4	100
非	fei1	100
靠	kao4	100
靡	mi3	95
靡	mi2	5
面	mian4	100
靥	ye4	100
革	ge2	100
靬	qian2	100
靰	wu4	100
靳	jin4	100
靴	xue1	100
靶	ba3	100
靸	sa3	100
靺	mo4	100
靼	da2	100
靽	ban4	100
靿	yao4	100
鞁	bei4	100
鞅	yang1	100
鞅	yang4	0
鞋	xie2	100
鞍	an1	100
鞑	da2	100
鞒	qiao2	100
鞔	man2	100
鞘	qiao4	95
鞘	shao1	5
鞠	ju1	100
鞡	la5	100
鞣	rou2	100
鞧	qiu1	100
鞨	he2	100
鞫	ju1	100
鞬	jian1	100
鞭	bian1	100
鞮	di1	100
鞯	jian1	100
鞲	gou1	100
鞳	ta4	100
鞴	bei4	100
韂	chan4	100
韦	wei2	100
韧	ren4	100
韨	fu2	100
韩	han2	100
韪	wei3	100
韫	yun4	100
韬	tao1	100
韭	jiu3	100
音	yin1	100
韵	yun4	100
韶	shao2	100
页	ye4	100
顶	ding3	100
顷	qing3	100
顸	han1	100
项	xiang4	100
顺	shun4	100
须	xu1	100
顼	xu1	100
顽	wan2	100
顾	gu4	100
顿	dun4	100
颀	qi2	100
颁	ban1	100
颂	song4	100
颃	hang2	100
预	yu4	100
颅	lu2	100
领	ling3	100
颇	po1	100
颈	jing3	100
颈	geng3	0
颉	xie2	98
颉	jie2	2
颊	jia2	100
颋	ting3	100
颌	he2	100
颍	ying3	100
颎	jiong3	100
颏	ke1	99
颏	ke2	1
颐	yi2	100
频	pin2	100
颓	tui2	100
颔	han4	100
颖	ying3	100
颗	ke1	100
题	ti2	100
颙	yong2	100
颚	e4	100
颛	zhuan1	100
颜	yan2	100
额	e2	100
颞	nie4	100
颟	man1	100
颠	dian1	100
颡	sang3	100
颢	hao4	100
颤	chan4	100
颥	ru2	100
颦	pin2	100
颧	quan2	100
风	feng1	100
飏	yang2	100
飐	zhan3	100
飑	biao1	100
飒	sa4	100
飓	ju4	100
飔	si1	100
飕	sou1	100
飗	liu2	100
飘	piao1	100
飙	biao1	100
飞	fei1	100
食	shi2	100
飧	sun1	100
飨	xiang3	100
餍	yan4	100
餐	can1	100
餮	tie4	100
饔	yong1	100
饕	tao1	100
饥	ji1	100
饧	xing2	100
饨	tun2	100
饩	xi4	100
饪	ren4	100
饫	yu4	100
饬	chi4	100
饭	fan4	100
饮	yin3	100
饮	yin4	0
饯	jian4	100
饰	shi4	100
饱	bao3	100
饲	si4	100
饳	duo4	100
饴	yi2	100
饵	er3	100
饶	rao2	100
饷	xiang3	100
饸	he2	100
饹	le5	95
饹	ge1	5
饺	jiao3	100
饻	xi1	100
饼	bing3	100
饽	bo1	100
饿	e4	100
馁	nei3	100
馃	guo3	100
馄	hun2	100
馅	xian4	100
馆	guan3	100
馇	cha1	60
馇	zha5	40
馈	kui4	100
馉	gu3	100
馊	sou1	100
馋	chan2	100
馌	ye4	100
馍	mo2	100
馏	liu2	95
馏	liu4	5
馐	xiu1	100
馑	jin3	100
馒	man2	100
馓	san3	100
馔	zhuan4	100
馕	nang2	100
馕	nang3	0
首	shou3	100
馗	kui2	100
馘	guo2	100
香	xiang1	100
馝	bi4	100
馞	bo2	100
馥	fu4	100
馧	yun1	100
馨	xin1	100
马	ma3	100
驭	yu4	100
驮	tuo2	100
驮	duo4	0
驯	xun4	100
驰	chi2	100
驱	qu1	100
驲	ri4	100
驳	bo2	100
驴	lv2	100
驵	zang3	100
驶	shi3	100
驷	si4	100
驸	fu4	100
驹	ju1	100
驺	zou1	100
驻	zhu4	100
驼	tuo2	100
驽	nu2	100
驾	jia4	100
驿	yi4	100
骀	tai2	96
骀	dai4	4
骁	xiao1	100
骂	ma4	100
骃	yin1	100
骄	jiao1	100
骅	hua2	100
骆	luo4	100
骇	hai4	100
骈	pian2	100
骉	biao1	100
骊	li2	100
骋	cheng3	100
验	yan4	100
骍	xing1	100
骎	qin1	100
骏	jun4	100
骐	qi2	100
骑	qi2	100
骒	ke4	100
骓	zhui1	100
骕	su4	100
骖	can1	100
骗	pian4	100
骘	zhi4	100
骙	kui2	100
骚	sao1	100
骛	wu4	100
骜	ao4	100
骝	liu2	100
骞	qian1	100
骟	shan4	100
骠	biao1	95
骠	piao4	5
骡	luo2	100
骢	cong1	100
骣	chan3	100
骤	zhou4	100
骥	ji4	100
骦	shuang1	100
骧	xiang1	100
骨	gu3	100
骨	gu1	0
骰	tou2	100
骱	jie4	100
骶	di3	100
骷	ku1	100
骸	hai2	100
骺	hou2	100
骼	ge2	100
髀	bi4	100
髁	ke1	100
髂	qia4	100
髃	yu2	100
髅	lou2	100
髋	kuan1	100
髌	bin4	100
髎	liao2	100
髑	du2	100
髓	sui3	100
高	gao1	100
髡	kun1	100
髢	di2	100
髦	mao2	100
髫	tiao2	100
髭	zi1	100
髯	ran2	100
髹	xiu1	100
髻	ji4	100
髽	zhua1	100
鬃	zong1	100
鬈	quan2	100
鬏	jiu1	100
鬒	zhen3	100
鬓	bin4	100
鬘	man2	100
鬟	huan2	100
鬣	lie4	100
鬯	chang4	100
鬲	ge2	95
鬲	li4	5
鬶	gui1	100
鬷	zong1	100
鬻	yu4	100
鬼	gui3	100
魁	kui2	100
魂	hun2	100
魃	ba2	100
魄	po4	100
魅	mei4	100
魆	xu1	100
魇	yan3	100
魈	xiao1	100
魉	liang3	100
魋	tui2	100
魍	wang3	100
魏	wei4	100
魑	chi1	100
魔	mo2	100
鱼	yu2	100
鱽	dao1	100
鱾	ji3	100
鱿	you2	100
鲀	tun2	100
鲁	lu3	100
鲂	fang2	100
鲃	ba1	100
鲅	ba4	100
鲆	ping2	100
鲇	nian2	100
鲈	lu2	100
鲉	you2	100
鲊	zha3	100
鲋	fu4	100
鲌	bo2	100
鲍	bao4	100
鲎	hou4	100
鲏	pi2	100
鲐	tai2	100
鲑	gui1	100
鲒	jie2	100
鲔	wei3	100
鲕	er2	100
鲖	tong2	100
鲗	zei2	100
鲘	hou4	100
鲙	kuai4	100
鲚	ji4	100
鲛	jiao1	100
鲜	xian1	100
鲜	xian3	0
鲝	zha3	100
鲞	xiang3	100
鲟	xun2	100
鲠	geng3	100
鲡	li2	100
鲢	lian2	100
鲣	jian1	100
鲤	li3	100
鲥	shi2	100
鲦	tiao2	100
鲧	gun3	100
鲨	sha1	100
鲩	huan4	100
鲪	jun1	100
鲫	ji4	100
鲬	yong3	100
鲭	qing1	100
鲮	ling2	100
鲯	qi2	100
鲰	zou1	100
鲱	fei1	100
鲲	kun1	100
鲳	chang1	100
鲴	gu4	100
鲵	ni2	100
鲷	diao1	100
鲸	jing1	100
鲹	shen1	100
鲺	shi1	100
鲻	zi1	100
鲼	fen4	100
鲽	die2	100
鲾	bi1	100
鲿	chang2	100
鳀	ti2	100
鳁	wen1	100
鳂	wei1	100
鳃	sai1	100
鳄	e4	100
鳅	qiu1	100
鳇	huang2	100
鳈	quan2	100
鳉	jiang1	100
鳊	bian1	100
鳌	ao2	100
鳍	qi2	100
鳎	ta3	100
鳏	guan1	100
鳐	yao2	100
鳑	pang2	100
鳒	jian1	100
鳓	le4	100
鳔	biao4	100
鳕	xue3	100
鳖	bie1	100
鳗	man2	100
鳘	min3	100
鳙	yong1	100
鳚	wei4	100
鳛	xi2	100
鳜	gui4	100
鳝	shan4	100
鳞	lin2	100
鳟	zun1	100
鳠	hu4	100
鳡	gan3	100
鳢	li3	100
鳣	zhan1	100
鳤	guan3	100
鸟	niao3	100
鸠	jiu1	100
鸡	ji1	100
鸢	yuan1	100
鸣	ming2	100
鸤	shi1	100
鸥	ou1	100
鸦	ya1	100
鸧	cang1	100
鸨	bao3	100
鸩	zhen4	100
鸪	gu1	100
鸫	dong1	100
鸬	lu2	100
鸭	ya1	100
鸮	xiao1	100
鸯	yang1	100
鸰	ling2	100
鸱	chi1	100
鸲	qu2	100
鸳	yuan1	100
鸵	tuo2	100
鸶	si1	100
鸷	zhi4	100
鸸	er2	100
鸹	gua1	100
鸺	xiu1	100
鸻	heng2	100
鸼	zhou1	100
鸽	ge1	100
鸾	luan2	100
鸿	hong2	100
鹀	wu2	100
鹁	bo2	100
鹂	li2	100
鹃	juan1	100
鹄	hu2	96
鹄	gu3	4
鹅	e2	100
鹆	yu4	100
鹇	xian2	100
鹈	ti2	100
鹉	wu3	100
鹊	que4	100
鹋	miao2	100
鹌	an1	100
鹍	kun1	100
鹎	bei1	100
鹏	peng2	100
鹐	qian1	100
鹑	chun2	100
鹒	geng1	100
鹔	su4	100
鹕	hu2	100
鹖	he2	100
鹗	e4	100
鹘	hu2	96
鹘	gu3	4
鹙	qiu1	100
鹚	ci2	100
鹛	mei2	100
鹜	wu4	100
鹝	yi4	100
鹞	yao4	100
鹟	weng1	100
鹠	liu2	100
鹡	ji2	100
鹢	yi4	100
鹣	jian1	100
鹤	he4	100
鹦	ying1	100
鹧	zhe4	100
鹨	liu4	100
鹩	liao2	100
鹪	jiao1	100
鹫	jiu4	100
鹬	yu4	100
鹭	lu4	100
鹮	huan2	100
鹯	zhan1	100
鹰	ying1	100
鹱	hu4	100
鹲	meng2	100
鹳	guan4	100
鹴	shuang1	100
鹾	cuo2	100
鹿	lu4	100
麀	you1	100
麂	ji3	100
麇	qun2	95
麇	jun1	5
麈	zhu3	100
麋	mi2	100
麑	ni2	100
麒	qi2	100
麓	lu4	100
麖	jing1	100
麝	she4	100
麟	lin2	100
麦	mai4	100
麸	fu1	100
麹	qu1	100
麻	ma2	100
麽	mo2	100
麾	hui1	100
黄	huang2	100
黇	tian1	100
黉	hong2	100
黍	shu3	100
黎	li2	100
黏	nian2	100
黑	hei1	100
黔	qian2	100
默	mo4	100
黛	dai4	100
黜	chu4	100
黝	you3	100
黟	yi1	100
黠	xia2	100
黡	yan3	100
黢	qu1	100
黥	qing2	100
黧	li2	100
黩	du2	100
黪	can3	100
黯	an4	100
黹	zhi3	100
黻	fu2	100
黼	fu3	100
黾	min3	100
鼋	yuan2	100
鼍	tuo2	100
鼎	ding3	100
鼐	nai4	100
鼒	zi1	100
鼓	gu3	100
鼗	tao2	100
鼙	pi2	100
鼠	shu3	100
鼢	fen2	100
鼩	qu2	100
鼫	shi2	100
鼬	you4	100
鼯	wu2	100
鼱	jing1	100
鼷	xi1	100
鼹	yan3	100
鼻	bi2	100
鼽	qiu2	100
鼾	han1	100
齁	hou1	100
齇	zha1	100
齉	nang4	100
齐	qi2	100
齑	ji1	100
齿	chi3	100
龀	chen4	100
龁	he2	100
龂	yin2	100
龃	ju3	100
龄	ling2	100
龅	bao1	100
龆	tiao2	100
龇	zi1	100
龈	yin2	100
龉	yu3	100
龊	chuo4	100
龋	qu3	100
龌	wo4	100
龙	long2	100
龚	gong1	100
龛	kan1	100
龟	gui1	100
龟	jun1	0
龟	qiu1	0
龠	yue4	100
龢	he2	100
鿍	gang4	100
鿎	da2	60
鿎	ta3	40
鿏	mai4	100
𠅤	xi2	100
𠙶	ou3	100
𠳐	bang1	100
𡎚	pian3	100
𡐓	kang1	100
𣗋	dang3	100
𣲗	wei2	100
𣲘	wu3	100
𣸣	fen2	100
𤧛	di4	100
𤩽	huan2	100
𤫉	xie4	100
𥔲	e4	100
𥕢	cao2	100
𥖨	zao4	100
𥻗	cha2	100
𦈡	xu1	100
𦒍	tong2	100
𦙶	gu3	100
𦝼	lou2	60
𦝼	lv2	40
𦭜	zhi1	100
𦰡	na4	60
𦰡	nuo2	40
𧿹	mu3	100
𨐈	guang1	100
𨙸	qi2	100
𨚕	bian4	100
𨟠	quan1	100
𨭉	ban1	100
𨱇	qiu2	100
𨱏	da1	100
𨱑	huang2	100
𨱔	zun1	100
𨺙	ni4	100
𩽾	an1	100
𩾃	mian3	100
𩾌	kang1	100
𪟝	ji4	100
𪣻	lou2	100
𪤗	liao4	100
𪨰	qu1	100
𪨶	she1	100
𪩘	yan3	100
𪾢	xian4	100
𫄧	yan2	100
𫄨	chi1	100
𫄷	yi4	100
𫄸	xun1	100
𫇭	wei3	100
𫌀	ji1	100
𫍣	tong2	100
𫍯	xian2	100
𫍲	xiao3	100
𫍽	xuan1	100
𫐄	yue4	100
𫐐	ni2	100
𫐓	rou2	100
𫑡	meng2	100
𫓧	fu1	100
𫓯	ji1	100
𫓶	xuan1	100
𫓹	ji1	100
𫔍	fan2	100
𫔎	jue2	100
𫔶	nie4	100
𫖮	yi3	100
𫖯	fu3	100
𫖳	yun1	100
𫗧	su4	100
𫗴	zhan1	100
𫘜	wen2	100
𫘝	jue2	100
𫘦	tao2	100
𫘧	lu4	100
𫘨	ti2	100
𫘪	yuan2	100
𫘬	xi2	100
𫚕	shi1	100
𫚖	ci3	100
𫚭	lie4	100
𫛭	kuang2	100
𫞩	men2	100
𫟅	liang2	100
𫟦	sui4	100
𫟹	hong2	100
𫟼	da2	100
𫠆	kui3	100
𫠊	xuan2	100
𫠜	ni2	100
𫢸	dan4	100
𫫇	e4	100
𫭟	ou1	98
𫭟	qu1	2
𫭢	lun3	100
𫭼	lao2	100
𫮃	shan4	100
𫰛	xing2	100
𫵷	li4	100
𫶇	die2	100
𫷷	xin1	100
𫸩	kou1	100
𬀩	wei3	100
𬀪	xian4	100
𬂩	jia1	100
𬃊	zhi4	100
𬇕	wan4	100
𬇙	bei4	100
𬇹	guo2	100
𬉼	ou3	100
𬊈	xun2	100
𬊤	chan3	100
𬌗	he2	100
𬍛	li4	100
𬍡	dang4	100
𬍤	xun2	100
𬒈	que4	100
𬒔	geng3	100
𬒗	lan2	100
𬕂	long3	100
𬘓	xun2	100
𬘘	dan3	100
𬘡	yin1	100
𬘩	ting1	100
𬘫	huan2	100
𬘬	qian4	100
𬘭	chen1	100
𬘯	zhun3	100
𬙂	yan3	100
𬙊	mo4	100
𬙋	xiang1	100
𬜬	man4	100
𬜯	liang3	100
𬞟	pin2	100
𬟁	yi4	100
𬟽	dong1	100
𬣙	xu1	100
𬣞	zhu3	100
𬣡	jian4	100
𬣳	hen3	100
𬤇	yin1	100
𬤊	shi4	100
𬤝	hui4	100
𬨂	qi2	100
𬨎	you2	100
𬩽	xun2	100
𬪩	nong2	100
𬬩	yi4	100
𬬭	lun2	100
𬬮	chang3	100
𬬱	jin1	100
𬬸	shu4	100
𬬹	shen2	100
𬬻	lu2	100
𬬿	zhao1	100
𬭁	mu3	100
𬭊	du4	100
𬭎	hong2	100
𬭚	chun2	100
𬭛	bo1	100
𬭤	hou2	100
𬭩	weng1	100
𬭬	hui4	100
𬭯	pie3	100
𬭳	xi3	100
𬭶	hei1	100
𬭸	lin2	100
𬭼	sui4	100
𬮱	yin1	100
𬮿	gai4	100
𬯀	ji1	100
𬯎	tui2	100
𬱖	di2	100
𬱟	wei3	100
𬳵	pi1	100
𬳶	jiong1	100
𬳽	shen1	100
𬳿	tu2	100
𬴂	fei1	100
𬴃	huo1	100
𬴊	lin2	100
𬶋	ju1	100
𬶍	tuo2	100
𬶏	wei2	100
𬶐	zhao4	100
𬶟	la4	100
𬶠	lian4	100
𬶨	ji4	100
𬶭	ji4	100
𬶮	xi3	100
𬷕	bu3	100
𬸘	yan3	100
𬸚	yue4	100
𬸣	xian1	100
𬸦	zhuo2	100
𬸪	fan2	100
𬹼	xie4	100
𬺈	yi3	100
𬺓	chu3	100
